<PackageItem xmlns:tcm="http://www.tridion.com/ContentManager/5.0" xmlns:xlink="http://www.w3.org/1999/xlink" xmlns="http://www.sdltridion.com/ContentManager/ImportExport/Package/2013">
  <Data>
    <tcm:Data>
      <tcm:Title>Thank You</tcm:Title>
      <tcm:Type>Normal</tcm:Type>
      <tcm:Schema xlink:type="simple" xlink:title="Article" xlink:href="/webdav/200%20Example%20Content/Building%20Blocks/Modules/Core/Editor/Schemas/Article.xsd" IsMandatory="false" />
      <tcm:Content>
        <Article xmlns="http://www.sdl.com/web/schemas/core">
          <headline>Thank You!</headline>
          <articleBody>
            <content>Thank you for getting in touch! We appreciate you contacting us. We try to respond as soon as possible, so one of our representatives will get back to you within a few hours. Have a great day ahead!</content>
          </articleBody>
        </Article>
      </tcm:Content>
      <tcm:Metadata>
        <Metadata xmlns="http://www.sdl.com/web/schemas/core" />
      </tcm:Metadata>
      <tcm:IsBasedOnTridionWebSchema>true</tcm:IsBasedOnTridionWebSchema>
      <tcm:MultimediaType xlink:type="simple" xlink:title="" xlink:href="tcm:0-0-0" />
    </tcm:Data>
  </Data>
  <Dependencies>
    <Dependency dependencyType="Publication" itemUrl="/webdav/200%20Example%20Content" linkName="LocationInfo/ContextRepository" />
    <Dependency dependencyType="OrganizationalItemFolder" itemUrl="/webdav/200%20Example%20Content/Building%20Blocks/Modules%20Content/Forms/Responses" linkName="LocationInfo/OrganizationalItem" />
    <Dependency dependencyType="Schema" itemUrl="/webdav/200%20Example%20Content/Building%20Blocks/Modules/Core/Editor/Schemas/Article.xsd" linkName="Schema" />
  </Dependencies>
</PackageItem>