<PackageItem xmlns:tcm="http://www.tridion.com/ContentManager/5.0" xmlns:xlink="http://www.w3.org/1999/xlink" xmlns="http://www.sdltridion.com/ContentManager/ImportExport/Package/2013">
  <Data>
    <tcm:Data>
      <tcm:Title>Contact Us Form</tcm:Title>
      <tcm:Type>Normal</tcm:Type>
      <tcm:Schema xlink:type="simple" xlink:title="Form" xlink:href="/webdav/200%20Example%20Content/Building%20Blocks/Modules/Forms/Editor/Schemas/Form.xsd" IsMandatory="false" />
      <tcm:Content>
        <Form xmlns="http://www.sdl.com/web/schemas/forms">
          <heading>Contact</heading>
          <subheading>Get in touch today to discover how we can support you in solving complex operational problems from diagnosis through to solution implementation. Simply complete the form below and we'll get in touch at a time that's convenient for you.</subheading>
          <formField>
            <name>firstName</name>
            <label>First Name</label>
            <type xmlns:xlink="http://www.w3.org/1999/xlink" xlink:href="/webdav/200%20Example%20Content/Form%20Field%20Types/Text.tkw" xlink:title="Text">Text</type>
            <purpose xmlns:xlink="http://www.w3.org/1999/xlink" xlink:href="/webdav/200%20Example%20Content/Form%20Field%20Purposes/FirstName.tkw" xlink:title="FirstName">FirstName</purpose>
            <required>Yes</required>
            <requiredError>First Name is required</requiredError>
          </formField>
          <formField>
            <name>lastName</name>
            <label>Last Name</label>
            <type xmlns:xlink="http://www.w3.org/1999/xlink" xlink:href="/webdav/200%20Example%20Content/Form%20Field%20Types/Text.tkw" xlink:title="Text">Text</type>
            <purpose xmlns:xlink="http://www.w3.org/1999/xlink" xlink:href="/webdav/200%20Example%20Content/Form%20Field%20Purposes/LastName.tkw" xlink:title="LastName">LastName</purpose>
            <required>Yes</required>
            <requiredError>Last Name is required</requiredError>
          </formField>
          <formField>
            <name>companyName</name>
            <label>Company Name</label>
            <type xmlns:xlink="http://www.w3.org/1999/xlink" xlink:href="/webdav/200%20Example%20Content/Form%20Field%20Types/Text.tkw" xlink:title="Text">Text</type>
            <purpose xmlns:xlink="http://www.w3.org/1999/xlink" xlink:href="/webdav/200%20Example%20Content/Form%20Field%20Purposes/Company.tkw" xlink:title="Company">Company</purpose>
            <required>Yes</required>
            <requiredError>Company Name is required</requiredError>
          </formField>
          <formField>
            <name>email</name>
            <label>Email</label>
            <type xmlns:xlink="http://www.w3.org/1999/xlink" xlink:href="/webdav/200%20Example%20Content/Form%20Field%20Types/Text.tkw" xlink:title="Text">Text</type>
            <purpose xmlns:xlink="http://www.w3.org/1999/xlink" xlink:href="/webdav/200%20Example%20Content/Form%20Field%20Purposes/Email.tkw" xlink:title="Email">Email</purpose>
            <required>Yes</required>
            <requiredError>Email is required</requiredError>
            <validationRegex>^[a-zA-Z0-9._-]+@[a-zA-Z0-9.-]+\.[a-zA-Z]{2,4}$</validationRegex>
            <validationError>Not valid email address</validationError>
          </formField>
          <formField>
            <name>phoneNumber</name>
            <label>Phone Number</label>
            <type xmlns:xlink="http://www.w3.org/1999/xlink" xlink:href="/webdav/200%20Example%20Content/Form%20Field%20Types/Text.tkw" xlink:title="Text">Text</type>
            <purpose xmlns:xlink="http://www.w3.org/1999/xlink" xlink:href="/webdav/200%20Example%20Content/Form%20Field%20Purposes/PhoneNumber.tkw" xlink:title="PhoneNumber">PhoneNumber</purpose>
            <required>Yes</required>
            <requiredError>Phone number is required</requiredError>
            <validationRegex>^(\+\d{1,2}\s)?\(?\d{3}\)?[\s.-]?\d{3}[\s.-]?\d{4}$</validationRegex>
            <validationError>Not valid phone number</validationError>
          </formField>
          <formField>
            <name>message</name>
            <label>Message</label>
            <type xmlns:xlink="http://www.w3.org/1999/xlink" xlink:href="/webdav/200%20Example%20Content/Form%20Field%20Types/TextArea.tkw" xlink:title="TextArea">TextArea</type>
            <required>Yes</required>
          </formField>
          <submitButtonLabel>Submit</submitButtonLabel>
          <successRedirect xmlns:xlink="http://www.w3.org/1999/xlink" xlink:type="simple" xlink:href="/webdav/200%20Example%20Content/Building%20Blocks/Modules%20Content/Forms/Responses/Thank%20You.xml" xlink:title="Thank You" />
          <errorRedirect xmlns:xlink="http://www.w3.org/1999/xlink" xlink:type="simple" xlink:href="/webdav/200%20Example%20Content/Building%20Blocks/Modules%20Content/Forms/Responses/Error.xml" xlink:title="Error" />
          <formPostAction xmlns:xlink="http://www.w3.org/1999/xlink" xlink:type="simple" xlink:href="/webdav/200%20Example%20Content/Building%20Blocks/Modules%20Content/Forms/Post%20Actions/AudienceManagerPostAction.xml" xlink:title="AudienceManagerPostAction" />
          <formPostAction xmlns:xlink="http://www.w3.org/1999/xlink" xlink:type="simple" xlink:href="/webdav/200%20Example%20Content/Building%20Blocks/Modules%20Content/Forms/Post%20Actions/EmailPostAction.xml" xlink:title="EmailPostAction" />
        </Form>
      </tcm:Content>
      <tcm:Metadata />
      <tcm:IsBasedOnTridionWebSchema>true</tcm:IsBasedOnTridionWebSchema>
      <tcm:MultimediaType xlink:type="simple" xlink:title="" xlink:href="tcm:0-0-0" />
    </tcm:Data>
  </Data>
  <Dependencies>
    <Dependency dependencyType="Publication" itemUrl="/webdav/200%20Example%20Content" linkName="LocationInfo/ContextRepository" />
    <Dependency dependencyType="OrganizationalItemFolder" itemUrl="/webdav/200%20Example%20Content/Building%20Blocks/Modules%20Content/Forms" linkName="LocationInfo/OrganizationalItem" />
    <Dependency dependencyType="LinkedComponent" itemUrl="/webdav/200%20Example%20Content/Building%20Blocks/Modules%20Content/Forms/Responses/Thank%20You.xml" linkName="Content" xpath="*[local-name() = 'Form'][1]/*[local-name() = 'successRedirect'][1]/@xlink:href" />
    <Dependency dependencyType="LinkedComponent" itemUrl="/webdav/200%20Example%20Content/Building%20Blocks/Modules%20Content/Forms/Responses/Error.xml" linkName="Content" xpath="*[local-name() = 'Form'][1]/*[local-name() = 'errorRedirect'][1]/@xlink:href" />
    <Dependency dependencyType="LinkedComponent" itemUrl="/webdav/200%20Example%20Content/Building%20Blocks/Modules%20Content/Forms/Post%20Actions/AudienceManagerPostAction.xml" linkName="Content" xpath="*[local-name() = 'Form'][1]/*[local-name() = 'formPostAction'][1]/@xlink:href" />
    <Dependency dependencyType="LinkedComponent" itemUrl="/webdav/200%20Example%20Content/Building%20Blocks/Modules%20Content/Forms/Post%20Actions/EmailPostAction.xml" linkName="Content" xpath="*[local-name() = 'Form'][1]/*[local-name() = 'formPostAction'][2]/@xlink:href" />
    <Dependency dependencyType="LinkedKeyword" itemUrl="/webdav/200%20Example%20Content/Form%20Field%20Types/Text.tkw" linkName="Content" xpath="*[local-name() = 'Form'][1]/*[local-name() = 'formField'][1]/*[local-name() = 'type'][1]/@xlink:href" />
    <Dependency dependencyType="LinkedKeyword" itemUrl="/webdav/200%20Example%20Content/Form%20Field%20Purposes/FirstName.tkw" linkName="Content" xpath="*[local-name() = 'Form'][1]/*[local-name() = 'formField'][1]/*[local-name() = 'purpose'][1]/@xlink:href" />
    <Dependency dependencyType="LinkedKeyword" itemUrl="/webdav/200%20Example%20Content/Form%20Field%20Types/Text.tkw" linkName="Content" xpath="*[local-name() = 'Form'][1]/*[local-name() = 'formField'][2]/*[local-name() = 'type'][1]/@xlink:href" />
    <Dependency dependencyType="LinkedKeyword" itemUrl="/webdav/200%20Example%20Content/Form%20Field%20Purposes/LastName.tkw" linkName="Content" xpath="*[local-name() = 'Form'][1]/*[local-name() = 'formField'][2]/*[local-name() = 'purpose'][1]/@xlink:href" />
    <Dependency dependencyType="LinkedKeyword" itemUrl="/webdav/200%20Example%20Content/Form%20Field%20Types/Text.tkw" linkName="Content" xpath="*[local-name() = 'Form'][1]/*[local-name() = 'formField'][3]/*[local-name() = 'type'][1]/@xlink:href" />
    <Dependency dependencyType="LinkedKeyword" itemUrl="/webdav/200%20Example%20Content/Form%20Field%20Purposes/Company.tkw" linkName="Content" xpath="*[local-name() = 'Form'][1]/*[local-name() = 'formField'][3]/*[local-name() = 'purpose'][1]/@xlink:href" />
    <Dependency dependencyType="LinkedKeyword" itemUrl="/webdav/200%20Example%20Content/Form%20Field%20Types/Text.tkw" linkName="Content" xpath="*[local-name() = 'Form'][1]/*[local-name() = 'formField'][4]/*[local-name() = 'type'][1]/@xlink:href" />
    <Dependency dependencyType="LinkedKeyword" itemUrl="/webdav/200%20Example%20Content/Form%20Field%20Purposes/Email.tkw" linkName="Content" xpath="*[local-name() = 'Form'][1]/*[local-name() = 'formField'][4]/*[local-name() = 'purpose'][1]/@xlink:href" />
    <Dependency dependencyType="LinkedKeyword" itemUrl="/webdav/200%20Example%20Content/Form%20Field%20Types/Text.tkw" linkName="Content" xpath="*[local-name() = 'Form'][1]/*[local-name() = 'formField'][5]/*[local-name() = 'type'][1]/@xlink:href" />
    <Dependency dependencyType="LinkedKeyword" itemUrl="/webdav/200%20Example%20Content/Form%20Field%20Purposes/PhoneNumber.tkw" linkName="Content" xpath="*[local-name() = 'Form'][1]/*[local-name() = 'formField'][5]/*[local-name() = 'purpose'][1]/@xlink:href" />
    <Dependency dependencyType="LinkedKeyword" itemUrl="/webdav/200%20Example%20Content/Form%20Field%20Types/TextArea.tkw" linkName="Content" xpath="*[local-name() = 'Form'][1]/*[local-name() = 'formField'][6]/*[local-name() = 'type'][1]/@xlink:href" />
    <Dependency dependencyType="Schema" itemUrl="/webdav/200%20Example%20Content/Building%20Blocks/Modules/Forms/Editor/Schemas/Form.xsd" linkName="Schema" />
  </Dependencies>
</PackageItem>