<PackageItem xmlns:tcm="http://www.tridion.com/ContentManager/5.0" xmlns:xlink="http://www.w3.org/1999/xlink" xmlns="http://www.sdltridion.com/ContentManager/ImportExport/Package/2013">
  <Data>
    <tcm:Data>
      <tcm:Title>EmailPostAction</tcm:Title>
      <tcm:Type>Normal</tcm:Type>
      <tcm:Schema xlink:type="simple" xlink:title="EmailPostAction" xlink:href="/webdav/200%20Example%20Content/Building%20Blocks/Modules/Forms/Editor/Schemas/EmailPostAction.xsd" IsMandatory="false" />
      <tcm:Content>
        <EmailPostAction xmlns="http://www.sdl.com/web/schemas/forms">
          <formHandler>EmailHandler</formHandler>
          <to>skroshchenko@sdl.com</to>
          <cc>triptime2017@gmail.com</cc>
        </EmailPostAction>
      </tcm:Content>
      <tcm:Metadata />
      <tcm:IsBasedOnTridionWebSchema>true</tcm:IsBasedOnTridionWebSchema>
      <tcm:MultimediaType xlink:type="simple" xlink:title="" xlink:href="tcm:0-0-0" />
    </tcm:Data>
  </Data>
  <Dependencies>
    <Dependency dependencyType="Publication" itemUrl="/webdav/200%20Example%20Content" linkName="LocationInfo/ContextRepository" />
    <Dependency dependencyType="OrganizationalItemFolder" itemUrl="/webdav/200%20Example%20Content/Building%20Blocks/Modules%20Content/Forms/Post%20Actions" linkName="LocationInfo/OrganizationalItem" />
    <Dependency dependencyType="Schema" itemUrl="/webdav/200%20Example%20Content/Building%20Blocks/Modules/Forms/Editor/Schemas/EmailPostAction.xsd" linkName="Schema" />
  </Dependencies>
</PackageItem>