<PackageItem xmlns:tcm="http://www.tridion.com/ContentManager/5.0" xmlns:xlink="http://www.w3.org/1999/xlink" xmlns="http://www.sdltridion.com/ContentManager/ImportExport/Package/2013">
  <Data>
    <tcm:Data>
      <tcm:Title>Test Form</tcm:Title>
      <tcm:Type>Normal</tcm:Type>
      <tcm:Schema xlink:type="simple" xlink:title="Form" xlink:href="/webdav/200%20Example%20Content/Building%20Blocks/Modules/Forms/Editor/Schemas/Form.xsd" IsMandatory="false" />
      <tcm:Content>
        <Form xmlns="http://www.sdl.com/web/schemas/forms">
          <heading>Test Heading</heading>
          <subheading>Test Subheading</subheading>
          <formField>
            <name>TextField</name>
            <label>TextLabel</label>
            <type xmlns:xlink="http://www.w3.org/1999/xlink" xlink:href="/webdav/200%20Example%20Content/Form%20Field%20Types/Text.tkw" xlink:title="Text">Text</type>
            <required>Yes</required>
            <requiredError>You have to provide TextField</requiredError>
            <validationRegex>^\d{5,8}$</validationRegex>
            <validationError>Valid input is 5 to 8 digits</validationError>
          </formField>
          <formField>
            <name>TextAreaName</name>
            <label>TextAreaLabel</label>
            <type xmlns:xlink="http://www.w3.org/1999/xlink" xlink:href="/webdav/200%20Example%20Content/Form%20Field%20Types/TextArea.tkw" xlink:title="TextArea">TextArea</type>
            <required>Yes</required>
          </formField>
          <formField>
            <name>DropDownName</name>
            <label>DropDownLabel</label>
            <type xmlns:xlink="http://www.w3.org/1999/xlink" xlink:href="/webdav/200%20Example%20Content/Form%20Field%20Types/DropDown.tkw" xlink:title="DropDown">DropDown</type>
            <required>Yes</required>
            <requiredError>You have to select some value</requiredError>
            <options>One</options>
            <options>Two</options>
            <options>Three</options>
          </formField>
          <formField>
            <name>DropdownCategoryName</name>
            <label>DropdownCategoryLabel</label>
            <type xmlns:xlink="http://www.w3.org/1999/xlink" xlink:href="/webdav/200%20Example%20Content/Form%20Field%20Types/DropDown.tkw" xlink:title="DropDown">DropDown</type>
            <required>Yes</required>
            <optionsCategory>Test Category</optionsCategory>
          </formField>
          <formField>
            <name>CheckBoxName</name>
            <label>CheckBoxLabel</label>
            <type xmlns:xlink="http://www.w3.org/1999/xlink" xlink:href="/webdav/200%20Example%20Content/Form%20Field%20Types/CheckBox.tkw" xlink:title="CheckBox">CheckBox</type>
            <required>Yes</required>
            <requiredError>You have to check something</requiredError>
            <options>One</options>
            <options>Two</options>
            <options>Three</options>
          </formField>
          <formField>
            <name>CheckBoxCategoryName</name>
            <label>CheckBoxCategoryLabel</label>
            <type xmlns:xlink="http://www.w3.org/1999/xlink" xlink:href="/webdav/200%20Example%20Content/Form%20Field%20Types/CheckBox.tkw" xlink:title="CheckBox">CheckBox</type>
            <required>Yes</required>
            <optionsCategory>Test Category</optionsCategory>
          </formField>
          <formField>
            <name>RadioButtonName</name>
            <label>RadioButtonLabel</label>
            <type xmlns:xlink="http://www.w3.org/1999/xlink" xlink:href="/webdav/200%20Example%20Content/Form%20Field%20Types/RadioButton.tkw" xlink:title="RadioButton">RadioButton</type>
            <required>Yes</required>
            <requiredError>Just click on any radio buttons</requiredError>
            <options>One</options>
            <options>Two</options>
            <options>Three</options>
          </formField>
          <formField>
            <name>RadioButtonCategoryName</name>
            <label>RadioButtonCategoryLabel</label>
            <type xmlns:xlink="http://www.w3.org/1999/xlink" xlink:href="/webdav/200%20Example%20Content/Form%20Field%20Types/RadioButton.tkw" xlink:title="RadioButton">RadioButton</type>
            <optionsCategory>Test Category</optionsCategory>
          </formField>
          <formField>
            <name>HiddenName</name>
            <label>HiddenLabel</label>
            <type xmlns:xlink="http://www.w3.org/1999/xlink" xlink:href="/webdav/200%20Example%20Content/Form%20Field%20Types/Hidden.tkw" xlink:title="Hidden">Hidden</type>
            <required>Yes</required>
          </formField>
          <formField>
            <name>DateName</name>
            <label>DateLabel</label>
            <type xmlns:xlink="http://www.w3.org/1999/xlink" xlink:href="/webdav/200%20Example%20Content/Form%20Field%20Types/Date.tkw" xlink:title="Date">Date</type>
            <required>Yes</required>
            <requiredError>You must select date</requiredError>
          </formField>
          <submitButtonLabel>Test</submitButtonLabel>
          <successRedirect xmlns:xlink="http://www.w3.org/1999/xlink" xlink:type="simple" xlink:href="/webdav/200%20Example%20Content/Building%20Blocks/Modules%20Content/Forms/Responses/Thank%20You.xml" xlink:title="Thank You" />
          <errorRedirect xmlns:xlink="http://www.w3.org/1999/xlink" xlink:type="simple" xlink:href="/webdav/200%20Example%20Content/Building%20Blocks/Modules%20Content/Forms/Responses/Error.xml" xlink:title="Error" />
          <formPostAction xmlns:xlink="http://www.w3.org/1999/xlink" xlink:type="simple" xlink:href="/webdav/200%20Example%20Content/Building%20Blocks/Modules%20Content/Forms/Post%20Actions/EmailPostAction.xml" xlink:title="EmailPostAction" />
        </Form>
      </tcm:Content>
      <tcm:Metadata />
      <tcm:IsBasedOnTridionWebSchema>true</tcm:IsBasedOnTridionWebSchema>
      <tcm:MultimediaType xlink:type="simple" xlink:title="" xlink:href="tcm:0-0-0" />
    </tcm:Data>
  </Data>
  <Dependencies>
    <Dependency dependencyType="Publication" itemUrl="/webdav/200%20Example%20Content" linkName="LocationInfo/ContextRepository" />
    <Dependency dependencyType="OrganizationalItemFolder" itemUrl="/webdav/200%20Example%20Content/Building%20Blocks/Modules%20Content/Forms" linkName="LocationInfo/OrganizationalItem" />
    <Dependency dependencyType="LinkedComponent" itemUrl="/webdav/200%20Example%20Content/Building%20Blocks/Modules%20Content/Forms/Responses/Thank%20You.xml" linkName="Content" xpath="*[local-name() = 'Form'][1]/*[local-name() = 'successRedirect'][1]/@xlink:href" />
    <Dependency dependencyType="LinkedComponent" itemUrl="/webdav/200%20Example%20Content/Building%20Blocks/Modules%20Content/Forms/Responses/Error.xml" linkName="Content" xpath="*[local-name() = 'Form'][1]/*[local-name() = 'errorRedirect'][1]/@xlink:href" />
    <Dependency dependencyType="LinkedComponent" itemUrl="/webdav/200%20Example%20Content/Building%20Blocks/Modules%20Content/Forms/Post%20Actions/EmailPostAction.xml" linkName="Content" xpath="*[local-name() = 'Form'][1]/*[local-name() = 'formPostAction'][1]/@xlink:href" />
    <Dependency dependencyType="LinkedKeyword" itemUrl="/webdav/200%20Example%20Content/Form%20Field%20Types/Text.tkw" linkName="Content" xpath="*[local-name() = 'Form'][1]/*[local-name() = 'formField'][1]/*[local-name() = 'type'][1]/@xlink:href" />
    <Dependency dependencyType="LinkedKeyword" itemUrl="/webdav/200%20Example%20Content/Form%20Field%20Types/TextArea.tkw" linkName="Content" xpath="*[local-name() = 'Form'][1]/*[local-name() = 'formField'][2]/*[local-name() = 'type'][1]/@xlink:href" />
    <Dependency dependencyType="LinkedKeyword" itemUrl="/webdav/200%20Example%20Content/Form%20Field%20Types/DropDown.tkw" linkName="Content" xpath="*[local-name() = 'Form'][1]/*[local-name() = 'formField'][3]/*[local-name() = 'type'][1]/@xlink:href" />
    <Dependency dependencyType="LinkedKeyword" itemUrl="/webdav/200%20Example%20Content/Form%20Field%20Types/DropDown.tkw" linkName="Content" xpath="*[local-name() = 'Form'][1]/*[local-name() = 'formField'][4]/*[local-name() = 'type'][1]/@xlink:href" />
    <Dependency dependencyType="LinkedKeyword" itemUrl="/webdav/200%20Example%20Content/Form%20Field%20Types/CheckBox.tkw" linkName="Content" xpath="*[local-name() = 'Form'][1]/*[local-name() = 'formField'][5]/*[local-name() = 'type'][1]/@xlink:href" />
    <Dependency dependencyType="LinkedKeyword" itemUrl="/webdav/200%20Example%20Content/Form%20Field%20Types/CheckBox.tkw" linkName="Content" xpath="*[local-name() = 'Form'][1]/*[local-name() = 'formField'][6]/*[local-name() = 'type'][1]/@xlink:href" />
    <Dependency dependencyType="LinkedKeyword" itemUrl="/webdav/200%20Example%20Content/Form%20Field%20Types/RadioButton.tkw" linkName="Content" xpath="*[local-name() = 'Form'][1]/*[local-name() = 'formField'][7]/*[local-name() = 'type'][1]/@xlink:href" />
    <Dependency dependencyType="LinkedKeyword" itemUrl="/webdav/200%20Example%20Content/Form%20Field%20Types/RadioButton.tkw" linkName="Content" xpath="*[local-name() = 'Form'][1]/*[local-name() = 'formField'][8]/*[local-name() = 'type'][1]/@xlink:href" />
    <Dependency dependencyType="LinkedKeyword" itemUrl="/webdav/200%20Example%20Content/Form%20Field%20Types/Hidden.tkw" linkName="Content" xpath="*[local-name() = 'Form'][1]/*[local-name() = 'formField'][9]/*[local-name() = 'type'][1]/@xlink:href" />
    <Dependency dependencyType="LinkedKeyword" itemUrl="/webdav/200%20Example%20Content/Form%20Field%20Types/Date.tkw" linkName="Content" xpath="*[local-name() = 'Form'][1]/*[local-name() = 'formField'][10]/*[local-name() = 'type'][1]/@xlink:href" />
    <Dependency dependencyType="Schema" itemUrl="/webdav/200%20Example%20Content/Building%20Blocks/Modules/Forms/Editor/Schemas/Form.xsd" linkName="Schema" />
  </Dependencies>
</PackageItem>