<Index dataContractVersion="201603" xmlns="http://www.sdltridion.com/ContentManager/ImportExport/Package/2013">
  <Item id="tcm:0-0-0" selected="false" exported="true">
    <ApplicationIds>
      <ApplicationId>http://www.sdl.com/tridion/SemanticMapping/vocabularies</ApplicationId>
    </ApplicationIds>
    <Item id="tcm:0-1-1" title="000%20Empty" itemType="Publication" selected="false" exported="true">
      <Item id="tcm:1-1-2" title="Building%20Blocks" itemType="Folder" blueprintStatus="LocalItem" selected="true" exported="true">
        <Item id="e3fffd4594794bcd95bb4684867ff190" title="Default%20Templates" itemType="Folder" selected="false" exported="false">
          <Item id="8afa2828559943d889379be507feb375" title="Default%20Component%20Template" extension="tctcmp" itemType="ComponentTemplate" selected="false" exported="false" />
          <Item id="7702b525093e4087ad388f8d0620bc5c" title="Default%20Dreamweaver%20Page%20Design" extension="dwt" itemType="TemplateBuildingBlock" selected="false" exported="false" />
          <Item id="b04348d134e6414a92fb1c93a6f4b0c3" title="Default%20Page%20Template" extension="tptcmp" itemType="PageTemplate" selected="false" exported="false" />
        </Item>
        <Item id="507bfa980eb64807becf378f79bc2654" title="Default%20Multimedia%20Schema" extension="xsd" itemType="Schema" selected="false" exported="false" />
      </Item>
      <Item id="tcm:1-3-4" title="Home" itemType="StructureGroup" blueprintStatus="LocalItem" selected="true" exported="true" />
      <Item id="e8b32fa4c0a0411ca8245cb87b00f921" title="Task%20Process" extension="tpd" itemType="ProcessDefinition" selected="false" exported="false" />
    </Item>
    <Item id="tcm:0-2-1" title="100%20Master" itemType="Publication" selected="false" exported="true">
      <Item id="tcm:2-1-2" title="Building%20Blocks" itemType="Folder" blueprintStatus="SharedItem" selected="false" exported="true">
        <Item id="9f2092f2146e4f3ca791d48fd48dc6fc" title="Default%20Templates" itemType="Folder" selected="false" exported="false">
          <Item id="687f107f8f124b5abe28fe66ccaa65a4" title="Default%20Component%20Template" extension="tctcmp" itemType="ComponentTemplate" selected="false" exported="false" />
          <Item id="9d04e2ff03934086939022ae05472c43" title="Default%20Dreamweaver%20Page%20Design" extension="dwt" itemType="TemplateBuildingBlock" selected="false" exported="false" />
        </Item>
        <Item id="tcm:2-4-2" title="Framework" itemType="Folder" blueprintStatus="LocalItem" selected="false" exported="true">
          <Item id="tcm:2-5-2" title="Developer" itemType="Folder" blueprintStatus="LocalItem" selected="false" exported="true">
            <Item id="tcm:2-6-2" title="Schemas" itemType="Folder" blueprintStatus="LocalItem" selected="false" exported="true">
              <Item id="tcm:2-56-8" title="Component%20Template%20Metadata" extension="xsd" itemType="Schema" subtype="3" blueprintStatus="LocalItem" selected="false" exported="true" />
              <Item id="tcm:2-104-8" title="Module%20Configuration" extension="xsd" itemType="Schema" blueprintStatus="LocalItem" selected="false" exported="true" />
              <Item id="tcm:2-101-8" title="Module%20Dependency" extension="xsd" itemType="Schema" subtype="2" blueprintStatus="LocalItem" selected="false" exported="true" />
              <Item id="tcm:2-68-8" title="ZIP%20file" extension="xsd" itemType="Schema" subtype="1" blueprintStatus="LocalItem" selected="false" exported="true" />
            </Item>
            <Item id="tcm:2-7-2" title="Templates" itemType="Folder" blueprintStatus="LocalItem" selected="false" exported="true">
              <Item id="tcm:2-17-2" title="DD4T%2ETemplates" itemType="Folder" blueprintStatus="LocalItem" selected="false" exported="true">
                <Item id="tcm:2-61-2048" title="DD4T%2ETemplates%2EMerged" extension="tbbasm" itemType="TemplateBuildingBlock" blueprintStatus="LocalItem" selected="false" exported="true" />
                <Item id="tcm:2-65-2048" title="Generate%20dynamic%20component%20presentation" extension="tbbcs" itemType="TemplateBuildingBlock" blueprintStatus="LocalItem" selected="false" exported="true" />
                <Item id="tcm:2-64-8" title="Generate%20dynamic%20component%20presentation" extension="xsd" itemType="Schema" subtype="6" blueprintStatus="LocalItem" selected="false" exported="true" />
                <Item id="tcm:2-60-8" title="Generate%20dynamic%20page" extension="xsd" itemType="Schema" subtype="6" blueprintStatus="LocalItem" selected="false" exported="true" />
                <Item id="tcm:2-62-2048" title="Publish%20binaries%20for%20component" extension="tbbcs" itemType="TemplateBuildingBlock" blueprintStatus="LocalItem" selected="false" exported="true" />
                <Item id="tcm:2-59-8" title="Publish%20binaries%20for%20component" extension="xsd" itemType="Schema" subtype="6" blueprintStatus="LocalItem" selected="false" exported="true" />
              </Item>
              <Item id="tcm:2-8-2" title="Sdl%2EWeb%2ETridion%2ETemplates" itemType="Folder" blueprintStatus="LocalItem" selected="false" exported="true">
                <Item id="tcm:2-63-2048" title="Default%20Component%20Template%20Finish%20Actions" extension="tbbcmp" itemType="TemplateBuildingBlock" blueprintStatus="LocalItem" selected="false" exported="true" />
                <Item id="tcm:2-66-2048" title="Render%20Component%20Content" extension="tbbcmp" itemType="TemplateBuildingBlock" blueprintStatus="LocalItem" selected="false" exported="true" />
                <Item id="tcm:2-58-2048" title="Resolve%20Rich%20Text" extension="tbbcs" itemType="TemplateBuildingBlock" blueprintStatus="LocalItem" selected="false" exported="true" />
                <Item id="tcm:2-57-8" title="Resolve%20Rich%20Text" extension="xsd" itemType="Schema" subtype="6" blueprintStatus="LocalItem" selected="false" exported="true" />
                <Item id="tcm:2-44-2048" title="Sdl%2EWeb%2ETridion%2ETemplates%2Emerged" extension="tbbasm" itemType="TemplateBuildingBlock" blueprintStatus="LocalItem" selected="false" exported="true" />
              </Item>
            </Item>
          </Item>
          <Item id="tcm:2-19-2" title="Site%20Manager" itemType="Folder" blueprintStatus="LocalItem" selected="false" exported="true">
            <Item id="tcm:2-20-2" title="Schemas" itemType="Folder" blueprintStatus="LocalItem" selected="false" exported="true">
              <Item id="tcm:2-78-8" title="Bootstrap%20Configuration" extension="xsd" itemType="Schema" blueprintStatus="LocalItem" selected="false" exported="true" />
              <Item id="tcm:2-102-8" title="Favicon" extension="xsd" itemType="Schema" subtype="1" blueprintStatus="LocalItem" selected="false" exported="true" />
              <Item id="tcm:2-103-8" title="HTML%20Design%20Configuration" extension="xsd" itemType="Schema" blueprintStatus="LocalItem" selected="false" exported="true" />
              <Item id="tcm:2-79-8" title="Module%20Design%20Configuration" extension="xsd" itemType="Schema" blueprintStatus="LocalItem" selected="false" exported="true" />
              <Item id="tcm:2-165-8" title="Publication%20Metadata" extension="xsd" itemType="Schema" subtype="3" blueprintStatus="LocalItem" selected="false" exported="true" />
            </Item>
          </Item>
        </Item>
        <Item id="tcm:2-9-2" title="Modules" itemType="Folder" blueprintStatus="LocalItem" selected="true" exported="true">
          <Item id="tcm:2-10-2" title="Core" itemType="Folder" blueprintStatus="LocalItem" selected="false" exported="true">
            <Item id="tcm:2-11-2" title="Editor" itemType="Folder" blueprintStatus="LocalItem" selected="false" exported="true">
              <Item id="tcm:2-13-2" title="Schemas" itemType="Folder" blueprintStatus="LocalItem" selected="false" exported="true">
                <Item id="tcm:2-14-2" title="Embedded" itemType="Folder" blueprintStatus="LocalItem" selected="false" exported="true">
                  <Item id="tcm:2-80-8" title="Paragraph" extension="xsd" itemType="Schema" subtype="2" blueprintStatus="LocalItem" selected="false" exported="true" />
                  <Item id="tcm:2-50-8" title="Standard%20Metadata" extension="xsd" itemType="Schema" subtype="2" blueprintStatus="LocalItem" selected="false" exported="true" />
                </Item>
                <Item id="tcm:2-81-8" title="Article" extension="xsd" itemType="Schema" blueprintStatus="LocalItem" selected="false" exported="true">
                  <ApplicationIds>
                    <ApplicationId>http://www.sdl.com/tridion/SemanticMapping/typeof</ApplicationId>
                  </ApplicationIds>
                </Item>
                <Item id="tcm:2-71-8" title="Image" extension="xsd" itemType="Schema" subtype="1" blueprintStatus="LocalItem" selected="false" exported="true">
                  <ApplicationIds>
                    <ApplicationId>http://www.sdl.com/tridion/SemanticMapping/typeof</ApplicationId>
                  </ApplicationIds>
                </Item>
                <Item id="tcm:2-83-8" title="News%20Article" extension="xsd" itemType="Schema" blueprintStatus="LocalItem" selected="false" exported="true">
                  <ApplicationIds>
                    <ApplicationId>http://www.sdl.com/tridion/SemanticMapping/typeof</ApplicationId>
                  </ApplicationIds>
                </Item>
              </Item>
              <Item id="tcm:2-12-2" title="Templates" itemType="Folder" blueprintStatus="LocalItem" selected="false" exported="true">
                <Item id="tcm:2-85-32" title="Article" extension="tctcmp" itemType="ComponentTemplate" blueprintStatus="LocalItem" selected="false" exported="true" />
                <Item id="23245853a00241a48a25d68dfb64c9d4" title="Content%20Page" extension="tptcmp" itemType="PageTemplate" selected="false" exported="false" />
              </Item>
            </Item>
          </Item>
          <Item id="tcm:2-1077-2" title="Forms" itemType="Folder" blueprintStatus="LocalItem" selected="true" exported="true">
            <Item id="tcm:2-1078-2" title="Admin" itemType="Folder" blueprintStatus="LocalItem" selected="true" exported="true">
              <Item id="tcm:2-1366" title="Forms" extension="xml" itemType="Component" blueprintStatus="LocalItem" selected="true" exported="true" />
            </Item>
            <Item id="tcm:2-1080-2" title="Editor" itemType="Folder" blueprintStatus="LocalItem" selected="true" exported="true">
              <Item id="tcm:2-1084-2" title="Schemas" itemType="Folder" blueprintStatus="LocalItem" selected="true" exported="true">
                <Item id="tcm:2-1086-2" title="Embedded" itemType="Folder" blueprintStatus="LocalItem" selected="true" exported="true">
                  <Item id="tcm:2-1368-8" title="Form%20Field" extension="xsd" itemType="Schema" subtype="2" blueprintStatus="LocalItem" selected="true" exported="true" />
                </Item>
                <Item id="tcm:2-2370-8" title="AudienceManagerPostAction" extension="xsd" itemType="Schema" blueprintStatus="LocalItem" selected="true" exported="true" />
                <Item id="tcm:2-2367-8" title="EmailPostAction" extension="xsd" itemType="Schema" blueprintStatus="LocalItem" selected="true" exported="true" />
                <Item id="tcm:2-1367-8" title="Form" extension="xsd" itemType="Schema" blueprintStatus="LocalItem" selected="true" exported="true" />
                <Item id="tcm:2-2369-8" title="SalesforcePostAction" extension="xsd" itemType="Schema" blueprintStatus="LocalItem" selected="true" exported="true" />
              </Item>
              <Item id="tcm:2-1085-2" title="Templates" itemType="Folder" blueprintStatus="LocalItem" selected="true" exported="true">
                <Item id="tcm:2-5372-32" title="Ajax%20Form" extension="tctcmp" itemType="ComponentTemplate" blueprintStatus="LocalItem" selected="true" exported="true" />
                <Item id="tcm:2-1379-32" title="Form" extension="tctcmp" itemType="ComponentTemplate" blueprintStatus="LocalItem" selected="true" exported="true" />
              </Item>
            </Item>
            <Item id="tcm:2-1081-2" title="Site%20Manager" itemType="Folder" blueprintStatus="LocalItem" selected="true" exported="true">
              <Item id="tcm:2-1082-2" title="Schemas" itemType="Folder" blueprintStatus="LocalItem" selected="true" exported="true" />
              <Item id="tcm:2-1083-2" title="Templates" itemType="Folder" blueprintStatus="LocalItem" selected="true" exported="true" />
            </Item>
          </Item>
        </Item>
        <Item id="tcm:2-36-2" title="Modules%20Content" itemType="Folder" blueprintStatus="LocalItem" selected="true" exported="true" />
        <Item id="593a179b169448d6aa0963831739240b" title="Default%20Multimedia%20Schema" extension="xsd" itemType="Schema" selected="false" exported="false" />
      </Item>
      <Item id="tcm:2-60-4096" title="DXA%20Staging%2FLive" itemType="BusinessProcessType" blueprintStatus="LocalItem" selected="false" exported="true" />
      <Item id="tcm:2-3085-512" title="Form%20Field%20Purposes" itemType="Category" blueprintStatus="LocalItem" selected="true" exported="true">
        <Item id="tcm:2-6383-1024" title="Address" extension="tkw" itemType="Keyword" blueprintStatus="LocalItem" selected="true" exported="true" />
        <Item id="tcm:2-6381-1024" title="Age" extension="tkw" itemType="Keyword" blueprintStatus="LocalItem" selected="true" exported="true" />
        <Item id="tcm:2-6380-1024" title="BirthDate" extension="tkw" itemType="Keyword" blueprintStatus="LocalItem" selected="true" exported="true" />
        <Item id="tcm:2-6376-1024" title="City" extension="tkw" itemType="Keyword" blueprintStatus="LocalItem" selected="true" exported="true" />
        <Item id="tcm:2-6375-1024" title="Company" extension="tkw" itemType="Keyword" blueprintStatus="LocalItem" selected="true" exported="true" />
        <Item id="tcm:2-6384-1024" title="Email" extension="tkw" itemType="Keyword" blueprintStatus="LocalItem" selected="true" exported="true" />
        <Item id="tcm:2-6372-1024" title="FirstName" extension="tkw" itemType="Keyword" blueprintStatus="LocalItem" selected="true" exported="true" />
        <Item id="tcm:2-6373-1024" title="LastName" extension="tkw" itemType="Keyword" blueprintStatus="LocalItem" selected="true" exported="true" />
        <Item id="tcm:2-6387-1024" title="Password" extension="tkw" itemType="Keyword" blueprintStatus="LocalItem" selected="true" exported="true" />
        <Item id="tcm:2-6377-1024" title="PhoneNumber" extension="tkw" itemType="Keyword" blueprintStatus="LocalItem" selected="true" exported="true" />
        <Item id="tcm:2-6374-1024" title="Prefix" extension="tkw" itemType="Keyword" blueprintStatus="LocalItem" selected="true" exported="true" />
        <Item id="tcm:2-6386-1024" title="Salutation" extension="tkw" itemType="Keyword" blueprintStatus="LocalItem" selected="true" exported="true" />
        <Item id="tcm:2-6378-1024" title="State" extension="tkw" itemType="Keyword" blueprintStatus="LocalItem" selected="true" exported="true" />
        <Item id="tcm:2-6382-1024" title="WorkingYears" extension="tkw" itemType="Keyword" blueprintStatus="LocalItem" selected="true" exported="true" />
        <Item id="tcm:2-6379-1024" title="Zip" extension="tkw" itemType="Keyword" blueprintStatus="LocalItem" selected="true" exported="true" />
      </Item>
      <Item id="tcm:2-1088-512" title="Form%20Field%20Types" itemType="Category" blueprintStatus="LocalItem" selected="true" exported="true">
        <Item id="tcm:2-1372-1024" title="CheckBox" extension="tkw" itemType="Keyword" blueprintStatus="LocalItem" selected="true" exported="true" />
        <Item id="tcm:2-4367-1024" title="Date" extension="tkw" itemType="Keyword" blueprintStatus="LocalItem" selected="true" exported="true" />
        <Item id="tcm:2-1371-1024" title="DropDown" extension="tkw" itemType="Keyword" blueprintStatus="LocalItem" selected="true" exported="true" />
        <Item id="tcm:2-1374-1024" title="Hidden" extension="tkw" itemType="Keyword" blueprintStatus="LocalItem" selected="true" exported="true" />
        <Item id="tcm:2-1373-1024" title="RadioButton" extension="tkw" itemType="Keyword" blueprintStatus="LocalItem" selected="true" exported="true" />
        <Item id="tcm:2-1369-1024" title="Text" extension="tkw" itemType="Keyword" blueprintStatus="LocalItem" selected="true" exported="true" />
        <Item id="tcm:2-1370-1024" title="TextArea" extension="tkw" itemType="Keyword" blueprintStatus="LocalItem" selected="true" exported="true" />
      </Item>
      <Item id="tcm:2-3084-512" title="Test%20Category" itemType="Category" blueprintStatus="LocalItem" selected="true" exported="true">
        <Item id="tcm:2-5367-1024" title="Option%201" extension="tkw" itemType="Keyword" blueprintStatus="LocalItem" selected="true" exported="true" />
        <Item id="tcm:2-5368-1024" title="Option%202" extension="tkw" itemType="Keyword" blueprintStatus="LocalItem" selected="true" exported="true" />
        <Item id="tcm:2-5369-1024" title="Option%203" extension="tkw" itemType="Keyword" blueprintStatus="LocalItem" selected="true" exported="true" />
        <Item id="tcm:2-5370-1024" title="Option%204" extension="tkw" itemType="Keyword" blueprintStatus="LocalItem" selected="true" exported="true" />
        <Item id="tcm:2-5371-1024" title="Option%205" extension="tkw" itemType="Keyword" blueprintStatus="LocalItem" selected="true" exported="true" />
      </Item>
      <Item id="4a93aac5fba04bf89338719e82ee27f3" title="Task%20Process" extension="tpd" itemType="ProcessDefinition" selected="false" exported="false" />
    </Item>
    <Item id="e3c5fb44e431416bbc8aead8d16754d6" title="110%20DXA%20Site%20Type" itemType="Publication" selected="false" exported="false" />
    <Item id="tcm:0-4-1" title="200%20Example%20Content" itemType="Publication" selected="false" exported="true">
      <Item id="5b7e7d24a3b3462084a3300c81ec9738" title="Building%20Blocks" itemType="Folder" selected="false" exported="false">
        <Item id="8f915d7e63fc488c8eff13ab36ffda8d" title="Default%20Templates" itemType="Folder" selected="false" exported="false">
          <Item id="01a1f59da99143dea59e87b33067a484" title="Default%20Component%20Template" extension="tctcmp" itemType="ComponentTemplate" selected="false" exported="false" />
          <Item id="6eae9be15f194a5a92fd12c264a68dd5" title="Default%20Dreamweaver%20Page%20Design" extension="dwt" itemType="TemplateBuildingBlock" selected="false" exported="false" />
        </Item>
        <Item id="923833c00e264e3c90f3c164b06f821f" title="Modules" itemType="Folder" selected="false" exported="false">
          <Item id="bd6eda0bfe274f549763193894e5eb1e" title="Core" itemType="Folder" selected="false" exported="false">
            <Item id="dcd21530b345410993a1a0589033099c" title="Editor" itemType="Folder" selected="false" exported="false">
              <Item id="4cb80a35b7eb497aae8a833908910b68" title="Schemas" itemType="Folder" selected="false" exported="false">
                <Item id="tcm:4-81-8" title="Article" extension="xsd" itemType="Schema" blueprintStatus="SharedItem" selected="false" exported="true">
                  <ApplicationIds>
                    <ApplicationId>http://www.sdl.com/tridion/SemanticMapping/typeof</ApplicationId>
                  </ApplicationIds>
                </Item>
              </Item>
              <Item id="b7ea91eb1b524a1987395725e4d3ca4e" title="Templates" itemType="Folder" selected="false" exported="false">
                <Item id="69f2efe781f14618b1eeb998ee392648" title="Content%20Page" extension="tptcmp" itemType="PageTemplate" selected="false" exported="false" />
              </Item>
            </Item>
          </Item>
          <Item id="631af4f6fa2f42468bf9d9df6c7e2e4a" title="Forms" itemType="Folder" selected="false" exported="false">
            <Item id="ce361b1dac4743c2b921bd10c08fc17d" title="Editor" itemType="Folder" selected="false" exported="false">
              <Item id="8de02f9b70d24f879fbb0d9fe7eb491d" title="Schemas" itemType="Folder" selected="false" exported="false">
                <Item id="tcm:4-2370-8" title="AudienceManagerPostAction" extension="xsd" itemType="Schema" blueprintStatus="SharedItem" selected="false" exported="true" />
                <Item id="tcm:4-2367-8" title="EmailPostAction" extension="xsd" itemType="Schema" blueprintStatus="SharedItem" selected="false" exported="true" />
                <Item id="tcm:4-1367-8" title="Form" extension="xsd" itemType="Schema" blueprintStatus="SharedItem" selected="false" exported="true" />
                <Item id="tcm:4-2369-8" title="SalesforcePostAction" extension="xsd" itemType="Schema" blueprintStatus="SharedItem" selected="false" exported="true" />
              </Item>
            </Item>
          </Item>
        </Item>
        <Item id="tcm:4-36-2" title="Modules%20Content" itemType="Folder" blueprintStatus="SharedItem" selected="false" exported="true">
          <Item id="tcm:4-1089-2" title="Forms" itemType="Folder" blueprintStatus="LocalItem" selected="true" exported="true">
            <Item id="tcm:4-2084-2" title="Post%20Actions" itemType="Folder" blueprintStatus="LocalItem" selected="true" exported="true">
              <Item id="tcm:4-6385" title="AudienceManagerPostAction" extension="xml" itemType="Component" blueprintStatus="LocalItem" selected="true" exported="true" />
              <Item id="tcm:4-2368" title="EmailPostAction" extension="xml" itemType="Component" blueprintStatus="LocalItem" selected="true" exported="true" />
              <Item id="tcm:4-2371" title="SalesforcePostAction" extension="xml" itemType="Component" blueprintStatus="LocalItem" selected="true" exported="true" />
            </Item>
            <Item id="tcm:4-3086-2" title="Responses" itemType="Folder" blueprintStatus="LocalItem" selected="true" exported="true">
              <Item id="tcm:4-6389" title="Error" extension="xml" itemType="Component" blueprintStatus="LocalItem" selected="true" exported="true" />
              <Item id="tcm:4-6388" title="Thank%20You" extension="xml" itemType="Component" blueprintStatus="LocalItem" selected="true" exported="true" />
            </Item>
            <Item id="tcm:4-1378" title="Contact%20Us%20Form" extension="xml" itemType="Component" blueprintStatus="LocalItem" selected="true" exported="true" />
            <Item id="tcm:4-3367" title="Test%20Form" extension="xml" itemType="Component" blueprintStatus="LocalItem" selected="true" exported="true" />
          </Item>
        </Item>
        <Item id="62ceeb51429c49b7b1a6309726a048ab" title="Default%20Multimedia%20Schema" extension="xsd" itemType="Schema" selected="false" exported="false" />
      </Item>
      <Item id="48cf931d8bea46819e826bc5534fbead" title="Form%20Field%20Purposes" itemType="Category" selected="false" exported="false">
        <Item id="tcm:4-6375-1024" title="Company" extension="tkw" itemType="Keyword" blueprintStatus="SharedItem" selected="false" exported="true" />
        <Item id="tcm:4-6384-1024" title="Email" extension="tkw" itemType="Keyword" blueprintStatus="SharedItem" selected="false" exported="true" />
        <Item id="tcm:4-6372-1024" title="FirstName" extension="tkw" itemType="Keyword" blueprintStatus="SharedItem" selected="false" exported="true" />
        <Item id="tcm:4-6373-1024" title="LastName" extension="tkw" itemType="Keyword" blueprintStatus="SharedItem" selected="false" exported="true" />
        <Item id="tcm:4-6377-1024" title="PhoneNumber" extension="tkw" itemType="Keyword" blueprintStatus="SharedItem" selected="false" exported="true" />
      </Item>
      <Item id="f42aea630061482ba908cd1faeb71f2a" title="Form%20Field%20Types" itemType="Category" selected="false" exported="false">
        <Item id="tcm:4-1372-1024" title="CheckBox" extension="tkw" itemType="Keyword" blueprintStatus="SharedItem" selected="false" exported="true" />
        <Item id="tcm:4-4367-1024" title="Date" extension="tkw" itemType="Keyword" blueprintStatus="SharedItem" selected="false" exported="true" />
        <Item id="tcm:4-1371-1024" title="DropDown" extension="tkw" itemType="Keyword" blueprintStatus="SharedItem" selected="false" exported="true" />
        <Item id="tcm:4-1374-1024" title="Hidden" extension="tkw" itemType="Keyword" blueprintStatus="SharedItem" selected="false" exported="true" />
        <Item id="tcm:4-1373-1024" title="RadioButton" extension="tkw" itemType="Keyword" blueprintStatus="SharedItem" selected="false" exported="true" />
        <Item id="tcm:4-1369-1024" title="Text" extension="tkw" itemType="Keyword" blueprintStatus="SharedItem" selected="false" exported="true" />
        <Item id="tcm:4-1370-1024" title="TextArea" extension="tkw" itemType="Keyword" blueprintStatus="SharedItem" selected="false" exported="true" />
      </Item>
      <Item id="3d4cb98d4b80471a84665d0b88376c06" title="Task%20Process" extension="tpd" itemType="ProcessDefinition" selected="false" exported="false" />
    </Item>
    <Item id="tcm:0-5-1" title="400%20Example%20Site" itemType="Publication" selected="true" exported="true">
      <Item id="tcm:5-1-2" title="Building%20Blocks" itemType="Folder" blueprintStatus="SharedItem" selected="true" exported="true">
        <Item id="ec2c1b231b81473c84d7356c9dc65790" title="Default%20Templates" itemType="Folder" selected="false" exported="false">
          <Item id="71ebb07a7e944baca529aafd6be96b8d" title="Default%20Component%20Template" extension="tctcmp" itemType="ComponentTemplate" selected="false" exported="false" />
          <Item id="9da7900a36dd4d00a9a17ff4ffb38cd6" title="Default%20Dreamweaver%20Page%20Design" extension="dwt" itemType="TemplateBuildingBlock" selected="false" exported="false" />
        </Item>
        <Item id="ff7b22e4da634f9586514eb90f8f92e3" title="Framework" itemType="Folder" selected="false" exported="false">
          <Item id="8669d002c93e4dc994e25980e88329e4" title="Site%20Manager" itemType="Folder" selected="false" exported="false">
            <Item id="1aa3bac2f7794caabc7038a01ec6aa3b" title="Schemas" itemType="Folder" selected="false" exported="false">
              <Item id="tcm:5-165-8" title="Publication%20Metadata" extension="xsd" itemType="Schema" subtype="3" blueprintStatus="SharedItem" selected="false" exported="true" />
            </Item>
          </Item>
        </Item>
        <Item id="tcm:5-9-2" title="Modules" itemType="Folder" blueprintStatus="SharedItem" selected="true" exported="true">
          <Item id="1669c71803db490ca619bfcd1ed83073" title="Core" itemType="Folder" selected="false" exported="false">
            <Item id="c5f39915808644af90a7daca2ae92d79" title="Editor" itemType="Folder" selected="false" exported="false">
              <Item id="f7e4c2f4bb8b418d8b99cc8f762a7fca" title="Templates" itemType="Folder" selected="false" exported="false">
                <Item id="tcm:5-85-32" title="Article" extension="tctcmp" itemType="ComponentTemplate" blueprintStatus="SharedItem" selected="false" exported="true" />
                <Item id="e23bc0d12c6a43888a26d88a3536d49b" title="Content%20Page" extension="tptcmp" itemType="PageTemplate" selected="false" exported="false" />
              </Item>
            </Item>
          </Item>
          <Item id="tcm:5-1077-2" title="Forms" itemType="Folder" blueprintStatus="SharedItem" selected="true" exported="true">
            <Item id="tcm:5-1078-2" title="Admin" itemType="Folder" blueprintStatus="SharedItem" selected="true" exported="true">
              <Item id="tcm:5-1366" title="Forms" extension="xml" itemType="Component" blueprintStatus="SharedItem" selected="true" exported="true" />
            </Item>
            <Item id="tcm:5-1080-2" title="Editor" itemType="Folder" blueprintStatus="SharedItem" selected="true" exported="true">
              <Item id="tcm:5-1084-2" title="Schemas" itemType="Folder" blueprintStatus="SharedItem" selected="true" exported="true">
                <Item id="tcm:5-1086-2" title="Embedded" itemType="Folder" blueprintStatus="SharedItem" selected="true" exported="true">
                  <Item id="tcm:5-1368-8" title="Form%20Field" extension="xsd" itemType="Schema" subtype="2" blueprintStatus="SharedItem" selected="true" exported="true" />
                </Item>
                <Item id="tcm:5-2370-8" title="AudienceManagerPostAction" extension="xsd" itemType="Schema" blueprintStatus="SharedItem" selected="true" exported="true" />
                <Item id="tcm:5-2367-8" title="EmailPostAction" extension="xsd" itemType="Schema" blueprintStatus="SharedItem" selected="true" exported="true" />
                <Item id="tcm:5-1367-8" title="Form" extension="xsd" itemType="Schema" blueprintStatus="SharedItem" selected="true" exported="true" />
                <Item id="tcm:5-2369-8" title="SalesforcePostAction" extension="xsd" itemType="Schema" blueprintStatus="SharedItem" selected="true" exported="true" />
              </Item>
              <Item id="tcm:5-1085-2" title="Templates" itemType="Folder" blueprintStatus="SharedItem" selected="true" exported="true">
                <Item id="tcm:5-5372-32" title="Ajax%20Form" extension="tctcmp" itemType="ComponentTemplate" blueprintStatus="SharedItem" selected="true" exported="true" />
                <Item id="tcm:5-1379-32" title="Form" extension="tctcmp" itemType="ComponentTemplate" blueprintStatus="SharedItem" selected="true" exported="true" />
              </Item>
            </Item>
            <Item id="tcm:5-1081-2" title="Site%20Manager" itemType="Folder" blueprintStatus="SharedItem" selected="true" exported="true">
              <Item id="tcm:5-1082-2" title="Schemas" itemType="Folder" blueprintStatus="SharedItem" selected="true" exported="true" />
              <Item id="tcm:5-1083-2" title="Templates" itemType="Folder" blueprintStatus="SharedItem" selected="true" exported="true" />
            </Item>
          </Item>
        </Item>
        <Item id="tcm:5-36-2" title="Modules%20Content" itemType="Folder" blueprintStatus="SharedItem" selected="true" exported="true">
          <Item id="tcm:5-1089-2" title="Forms" itemType="Folder" blueprintStatus="SharedItem" selected="true" exported="true">
            <Item id="tcm:5-2084-2" title="Post%20Actions" itemType="Folder" blueprintStatus="SharedItem" selected="true" exported="true">
              <Item id="tcm:5-6385" title="AudienceManagerPostAction" extension="xml" itemType="Component" blueprintStatus="SharedItem" selected="true" exported="true" />
              <Item id="tcm:5-2368" title="EmailPostAction" extension="xml" itemType="Component" blueprintStatus="SharedItem" selected="true" exported="true" />
              <Item id="tcm:5-2371" title="SalesforcePostAction" extension="xml" itemType="Component" blueprintStatus="SharedItem" selected="true" exported="true" />
            </Item>
            <Item id="tcm:5-3086-2" title="Responses" itemType="Folder" blueprintStatus="SharedItem" selected="true" exported="true">
              <Item id="tcm:5-6389" title="Error" extension="xml" itemType="Component" blueprintStatus="SharedItem" selected="true" exported="true" />
              <Item id="tcm:5-6388" title="Thank%20You" extension="xml" itemType="Component" blueprintStatus="SharedItem" selected="true" exported="true" />
            </Item>
            <Item id="tcm:5-1378" title="Contact%20Us%20Form" extension="xml" itemType="Component" blueprintStatus="SharedItem" selected="true" exported="true" />
            <Item id="tcm:5-3367" title="Test%20Form" extension="xml" itemType="Component" blueprintStatus="SharedItem" selected="true" exported="true" />
          </Item>
        </Item>
        <Item id="c28833435557424888ce80cb370cd54a" title="Default%20Multimedia%20Schema" extension="xsd" itemType="Schema" selected="false" exported="false" />
      </Item>
      <Item id="tcm:5-60-4096" title="DXA%20Staging%2FLive" itemType="BusinessProcessType" blueprintStatus="SharedItem" selected="false" exported="true" />
      <Item id="tcm:5-3085-512" title="Form%20Field%20Purposes" itemType="Category" blueprintStatus="SharedItem" selected="true" exported="true">
        <Item id="tcm:5-6383-1024" title="Address" extension="tkw" itemType="Keyword" blueprintStatus="SharedItem" selected="true" exported="true" />
        <Item id="tcm:5-6381-1024" title="Age" extension="tkw" itemType="Keyword" blueprintStatus="SharedItem" selected="true" exported="true" />
        <Item id="tcm:5-6380-1024" title="BirthDate" extension="tkw" itemType="Keyword" blueprintStatus="SharedItem" selected="true" exported="true" />
        <Item id="tcm:5-6376-1024" title="City" extension="tkw" itemType="Keyword" blueprintStatus="SharedItem" selected="true" exported="true" />
        <Item id="tcm:5-6375-1024" title="Company" extension="tkw" itemType="Keyword" blueprintStatus="SharedItem" selected="true" exported="true" />
        <Item id="tcm:5-6384-1024" title="Email" extension="tkw" itemType="Keyword" blueprintStatus="SharedItem" selected="true" exported="true" />
        <Item id="tcm:5-6372-1024" title="FirstName" extension="tkw" itemType="Keyword" blueprintStatus="SharedItem" selected="true" exported="true" />
        <Item id="tcm:5-6373-1024" title="LastName" extension="tkw" itemType="Keyword" blueprintStatus="SharedItem" selected="true" exported="true" />
        <Item id="tcm:5-6387-1024" title="Password" extension="tkw" itemType="Keyword" blueprintStatus="SharedItem" selected="true" exported="true" />
        <Item id="tcm:5-6377-1024" title="PhoneNumber" extension="tkw" itemType="Keyword" blueprintStatus="SharedItem" selected="true" exported="true" />
        <Item id="tcm:5-6374-1024" title="Prefix" extension="tkw" itemType="Keyword" blueprintStatus="SharedItem" selected="true" exported="true" />
        <Item id="tcm:5-6386-1024" title="Salutation" extension="tkw" itemType="Keyword" blueprintStatus="SharedItem" selected="true" exported="true" />
        <Item id="tcm:5-6378-1024" title="State" extension="tkw" itemType="Keyword" blueprintStatus="SharedItem" selected="true" exported="true" />
        <Item id="tcm:5-6382-1024" title="WorkingYears" extension="tkw" itemType="Keyword" blueprintStatus="SharedItem" selected="true" exported="true" />
        <Item id="tcm:5-6379-1024" title="Zip" extension="tkw" itemType="Keyword" blueprintStatus="SharedItem" selected="true" exported="true" />
      </Item>
      <Item id="tcm:5-1088-512" title="Form%20Field%20Types" itemType="Category" blueprintStatus="SharedItem" selected="true" exported="true">
        <Item id="tcm:5-1372-1024" title="CheckBox" extension="tkw" itemType="Keyword" blueprintStatus="SharedItem" selected="true" exported="true" />
        <Item id="tcm:5-4367-1024" title="Date" extension="tkw" itemType="Keyword" blueprintStatus="SharedItem" selected="true" exported="true" />
        <Item id="tcm:5-1371-1024" title="DropDown" extension="tkw" itemType="Keyword" blueprintStatus="SharedItem" selected="true" exported="true" />
        <Item id="tcm:5-1374-1024" title="Hidden" extension="tkw" itemType="Keyword" blueprintStatus="SharedItem" selected="true" exported="true" />
        <Item id="tcm:5-1373-1024" title="RadioButton" extension="tkw" itemType="Keyword" blueprintStatus="SharedItem" selected="true" exported="true" />
        <Item id="tcm:5-1369-1024" title="Text" extension="tkw" itemType="Keyword" blueprintStatus="SharedItem" selected="true" exported="true" />
        <Item id="tcm:5-1370-1024" title="TextArea" extension="tkw" itemType="Keyword" blueprintStatus="SharedItem" selected="true" exported="true" />
      </Item>
      <Item id="tcm:5-3-4" title="Home" itemType="StructureGroup" blueprintStatus="SharedItem" selected="true" exported="true">
        <Item id="tcm:5-3087-4" title="Forms" itemType="StructureGroup" blueprintStatus="LocalItem" selected="true" exported="true">
          <Item id="tcm:5-1380-64" title="010%20Contact%20Us" extension="tpg" itemType="Page" blueprintStatus="LocalItem" selected="true" exported="true" />
          <Item id="tcm:5-3368-64" title="020%20Form%20Test" extension="tpg" itemType="Page" blueprintStatus="LocalItem" selected="true" exported="true" />
          <Item id="tcm:5-5373-64" title="030%20Ajax%20Form%20Test" extension="tpg" itemType="Page" blueprintStatus="LocalItem" selected="true" exported="true" />
          <Item id="tcm:5-6391-64" title="_Error%20500" extension="tpg" itemType="Page" blueprintStatus="LocalItem" selected="true" exported="true" />
          <Item id="tcm:5-6390-64" title="_Thank%20You" extension="tpg" itemType="Page" blueprintStatus="LocalItem" selected="true" exported="true" />
        </Item>
      </Item>
      <Item id="tcm:5-3084-512" title="Test%20Category" itemType="Category" blueprintStatus="SharedItem" selected="true" exported="true">
        <Item id="tcm:5-5367-1024" title="Option%201" extension="tkw" itemType="Keyword" blueprintStatus="SharedItem" selected="true" exported="true" />
        <Item id="tcm:5-5368-1024" title="Option%202" extension="tkw" itemType="Keyword" blueprintStatus="SharedItem" selected="true" exported="true" />
        <Item id="tcm:5-5369-1024" title="Option%203" extension="tkw" itemType="Keyword" blueprintStatus="SharedItem" selected="true" exported="true" />
        <Item id="tcm:5-5370-1024" title="Option%204" extension="tkw" itemType="Keyword" blueprintStatus="SharedItem" selected="true" exported="true" />
        <Item id="tcm:5-5371-1024" title="Option%205" extension="tkw" itemType="Keyword" blueprintStatus="SharedItem" selected="true" exported="true" />
      </Item>
      <Item id="6835a8d24a2d4931b3b8532cb1acd43e" title="Task%20Process" extension="tpd" itemType="ProcessDefinition" selected="false" exported="false" />
    </Item>
    <Item id="18d30e8e612143d4b76465ec012a732f" title="Developer" extension="tgp" itemType="Group" selected="false" exported="false" />
    <Item id="9023d49a4dde4dbeac07e538ac1dd961" title="Editor" extension="tgp" itemType="Group" selected="false" exported="false" />
    <Item id="29a0416fdee04ea889746c4e842c29c8" title="Everyone" extension="tgp" itemType="Group" selected="false" exported="false" />
    <Item id="tcm:0-23-65544" title="Favicon" extension="tmt" itemType="MultimediaType" selected="false" exported="true" />
    <Item id="tcm:0-1-65544" title="Gif%20image" extension="tmt" itemType="MultimediaType" selected="false" exported="true" />
    <Item id="tcm:0-2-65544" title="Jpeg%20image" extension="tmt" itemType="MultimediaType" selected="false" exported="true" />
    <Item id="tcm:0-3-65544" title="Png%20image" extension="tmt" itemType="MultimediaType" selected="false" exported="true" />
    <Item id="e37a729c91ee4005b6fab356ba5becc4" title="Site%20Manager" extension="tgp" itemType="Group" selected="false" exported="false" />
    <Item id="tcm:0-22-65544" title="Zip%20file" extension="tmt" itemType="MultimediaType" selected="false" exported="true" />
  </Item>
</Index>