<Mappings xmlns="http://www.sdltridion.com/ContentManager/ImportExport/Package/2013">
  <ItemSet role="Publication">
    <Mapping exportTitle="000%20Empty" importTitle="" />
    <Mapping exportTitle="100%20Master" importTitle="" />
    <Mapping exportTitle="110%20DXA%20Site%20Type" importTitle="" />
    <Mapping exportTitle="200%20Example%20Content" importTitle="" />
    <Mapping exportTitle="400%20Example%20Site" importTitle="" />
  </ItemSet>
  <ItemSet role="Folder">
    <Mapping exportContext="/000%20Empty" exportTitle="Building%20Blocks" importContext="" importTitle="" />
    <Mapping exportContext="/000%20Empty/Building%20Blocks" exportTitle="Default%20Templates" importContext="" importTitle="" />
    <Mapping exportContext="/100%20Master" exportTitle="Building%20Blocks" importContext="" importTitle="" />
    <Mapping exportContext="/100%20Master/Building%20Blocks" exportTitle="Default%20Templates" importContext="" importTitle="" />
    <Mapping exportContext="/100%20Master/Building%20Blocks" exportTitle="Framework" importContext="" importTitle="" />
    <Mapping exportContext="/100%20Master/Building%20Blocks/Framework" exportTitle="Developer" importContext="" importTitle="" />
    <Mapping exportContext="/100%20Master/Building%20Blocks/Framework/Developer" exportTitle="Schemas" importContext="" importTitle="" />
    <Mapping exportContext="/100%20Master/Building%20Blocks/Framework/Developer" exportTitle="Templates" importContext="" importTitle="" />
    <Mapping exportContext="/100%20Master/Building%20Blocks/Framework/Developer/Templates" exportTitle="DD4T%2ETemplates" importContext="" importTitle="" />
    <Mapping exportContext="/100%20Master/Building%20Blocks/Framework/Developer/Templates" exportTitle="Sdl%2EWeb%2ETridion%2ETemplates" importContext="" importTitle="" />
    <Mapping exportContext="/100%20Master/Building%20Blocks/Framework" exportTitle="Site%20Manager" importContext="" importTitle="" />
    <Mapping exportContext="/100%20Master/Building%20Blocks/Framework/Site%20Manager" exportTitle="Schemas" importContext="" importTitle="" />
    <Mapping exportContext="/100%20Master/Building%20Blocks" exportTitle="Modules" importContext="" importTitle="" />
    <Mapping exportContext="/100%20Master/Building%20Blocks" exportTitle="Modules%20Content" importContext="" importTitle="" />
    <Mapping exportContext="/100%20Master/Building%20Blocks/Modules" exportTitle="Core" importContext="" importTitle="" />
    <Mapping exportContext="/100%20Master/Building%20Blocks/Modules/Core" exportTitle="Editor" importContext="" importTitle="" />
    <Mapping exportContext="/100%20Master/Building%20Blocks/Modules/Core/Editor" exportTitle="Schemas" importContext="" importTitle="" />
    <Mapping exportContext="/100%20Master/Building%20Blocks/Modules/Core/Editor/Schemas" exportTitle="Embedded" importContext="" importTitle="" />
    <Mapping exportContext="/100%20Master/Building%20Blocks/Modules/Core/Editor" exportTitle="Templates" importContext="" importTitle="" />
    <Mapping exportContext="/100%20Master/Building%20Blocks/Modules" exportTitle="Forms" importContext="" importTitle="" />
    <Mapping exportContext="/100%20Master/Building%20Blocks/Modules/Forms" exportTitle="Admin" importContext="" importTitle="" />
    <Mapping exportContext="/100%20Master/Building%20Blocks/Modules/Forms" exportTitle="Editor" importContext="" importTitle="" />
    <Mapping exportContext="/100%20Master/Building%20Blocks/Modules/Forms/Editor" exportTitle="Schemas" importContext="" importTitle="" />
    <Mapping exportContext="/100%20Master/Building%20Blocks/Modules/Forms/Editor/Schemas" exportTitle="Embedded" importContext="" importTitle="" />
    <Mapping exportContext="/100%20Master/Building%20Blocks/Modules/Forms/Editor" exportTitle="Templates" importContext="" importTitle="" />
    <Mapping exportContext="/100%20Master/Building%20Blocks/Modules/Forms" exportTitle="Site%20Manager" importContext="" importTitle="" />
    <Mapping exportContext="/100%20Master/Building%20Blocks/Modules/Forms/Site%20Manager" exportTitle="Schemas" importContext="" importTitle="" />
    <Mapping exportContext="/100%20Master/Building%20Blocks/Modules/Forms/Site%20Manager" exportTitle="Templates" importContext="" importTitle="" />
    <Mapping exportContext="/200%20Example%20Content" exportTitle="Building%20Blocks" importContext="" importTitle="" />
    <Mapping exportContext="/200%20Example%20Content/Building%20Blocks" exportTitle="Default%20Templates" importContext="" importTitle="" />
    <Mapping exportContext="/200%20Example%20Content/Building%20Blocks" exportTitle="Modules" importContext="" importTitle="" />
    <Mapping exportContext="/200%20Example%20Content/Building%20Blocks" exportTitle="Modules%20Content" importContext="" importTitle="" />
    <Mapping exportContext="/200%20Example%20Content/Building%20Blocks/Modules%20Content" exportTitle="Forms" importContext="" importTitle="" />
    <Mapping exportContext="/200%20Example%20Content/Building%20Blocks/Modules%20Content/Forms" exportTitle="Post%20Actions" importContext="" importTitle="" />
    <Mapping exportContext="/200%20Example%20Content/Building%20Blocks/Modules%20Content/Forms" exportTitle="Responses" importContext="" importTitle="" />
    <Mapping exportContext="/200%20Example%20Content/Building%20Blocks/Modules" exportTitle="Core" importContext="" importTitle="" />
    <Mapping exportContext="/200%20Example%20Content/Building%20Blocks/Modules/Core" exportTitle="Editor" importContext="" importTitle="" />
    <Mapping exportContext="/200%20Example%20Content/Building%20Blocks/Modules/Core/Editor" exportTitle="Schemas" importContext="" importTitle="" />
    <Mapping exportContext="/200%20Example%20Content/Building%20Blocks/Modules/Core/Editor" exportTitle="Templates" importContext="" importTitle="" />
    <Mapping exportContext="/200%20Example%20Content/Building%20Blocks/Modules" exportTitle="Forms" importContext="" importTitle="" />
    <Mapping exportContext="/200%20Example%20Content/Building%20Blocks/Modules/Forms" exportTitle="Editor" importContext="" importTitle="" />
    <Mapping exportContext="/200%20Example%20Content/Building%20Blocks/Modules/Forms/Editor" exportTitle="Schemas" importContext="" importTitle="" />
    <Mapping exportContext="/400%20Example%20Site" exportTitle="Building%20Blocks" importContext="" importTitle="" />
    <Mapping exportContext="/400%20Example%20Site/Building%20Blocks" exportTitle="Default%20Templates" importContext="" importTitle="" />
    <Mapping exportContext="/400%20Example%20Site/Building%20Blocks" exportTitle="Framework" importContext="" importTitle="" />
    <Mapping exportContext="/400%20Example%20Site/Building%20Blocks/Framework" exportTitle="Site%20Manager" importContext="" importTitle="" />
    <Mapping exportContext="/400%20Example%20Site/Building%20Blocks/Framework/Site%20Manager" exportTitle="Schemas" importContext="" importTitle="" />
    <Mapping exportContext="/400%20Example%20Site/Building%20Blocks" exportTitle="Modules" importContext="" importTitle="" />
    <Mapping exportContext="/400%20Example%20Site/Building%20Blocks" exportTitle="Modules%20Content" importContext="" importTitle="" />
    <Mapping exportContext="/400%20Example%20Site/Building%20Blocks/Modules%20Content" exportTitle="Forms" importContext="" importTitle="" />
    <Mapping exportContext="/400%20Example%20Site/Building%20Blocks/Modules%20Content/Forms" exportTitle="Post%20Actions" importContext="" importTitle="" />
    <Mapping exportContext="/400%20Example%20Site/Building%20Blocks/Modules%20Content/Forms" exportTitle="Responses" importContext="" importTitle="" />
    <Mapping exportContext="/400%20Example%20Site/Building%20Blocks/Modules" exportTitle="Core" importContext="" importTitle="" />
    <Mapping exportContext="/400%20Example%20Site/Building%20Blocks/Modules/Core" exportTitle="Editor" importContext="" importTitle="" />
    <Mapping exportContext="/400%20Example%20Site/Building%20Blocks/Modules/Core/Editor" exportTitle="Templates" importContext="" importTitle="" />
    <Mapping exportContext="/400%20Example%20Site/Building%20Blocks/Modules" exportTitle="Forms" importContext="" importTitle="" />
    <Mapping exportContext="/400%20Example%20Site/Building%20Blocks/Modules/Forms" exportTitle="Admin" importContext="" importTitle="" />
    <Mapping exportContext="/400%20Example%20Site/Building%20Blocks/Modules/Forms" exportTitle="Editor" importContext="" importTitle="" />
    <Mapping exportContext="/400%20Example%20Site/Building%20Blocks/Modules/Forms/Editor" exportTitle="Schemas" importContext="" importTitle="" />
    <Mapping exportContext="/400%20Example%20Site/Building%20Blocks/Modules/Forms/Editor/Schemas" exportTitle="Embedded" importContext="" importTitle="" />
    <Mapping exportContext="/400%20Example%20Site/Building%20Blocks/Modules/Forms/Editor" exportTitle="Templates" importContext="" importTitle="" />
    <Mapping exportContext="/400%20Example%20Site/Building%20Blocks/Modules/Forms" exportTitle="Site%20Manager" importContext="" importTitle="" />
    <Mapping exportContext="/400%20Example%20Site/Building%20Blocks/Modules/Forms/Site%20Manager" exportTitle="Schemas" importContext="" importTitle="" />
    <Mapping exportContext="/400%20Example%20Site/Building%20Blocks/Modules/Forms/Site%20Manager" exportTitle="Templates" importContext="" importTitle="" />
  </ItemSet>
  <ItemSet role="StructureGroup">
    <Mapping exportContext="/000%20Empty" exportTitle="Home" importContext="" importTitle="" />
    <Mapping exportContext="/400%20Example%20Site" exportTitle="Home" importContext="" importTitle="" />
    <Mapping exportContext="/400%20Example%20Site/Home" exportTitle="Forms" importContext="" importTitle="" />
  </ItemSet>
  <ItemSet role="Schema">
    <Mapping exportContext="/000%20Empty/Building%20Blocks" exportTitle="Default%20Multimedia%20Schema.xsd" importContext="" importTitle="" />
    <Mapping exportContext="/100%20Master/Building%20Blocks" exportTitle="Default%20Multimedia%20Schema.xsd" importContext="" importTitle="" />
    <Mapping exportContext="/100%20Master/Building%20Blocks/Framework/Developer/Schemas" exportTitle="Component%20Template%20Metadata.xsd" importContext="" importTitle="" />
    <Mapping exportContext="/100%20Master/Building%20Blocks/Framework/Developer/Schemas" exportTitle="Module%20Configuration.xsd" importContext="" importTitle="" />
    <Mapping exportContext="/100%20Master/Building%20Blocks/Framework/Developer/Schemas" exportTitle="Module%20Dependency.xsd" importContext="" importTitle="" />
    <Mapping exportContext="/100%20Master/Building%20Blocks/Framework/Developer/Schemas" exportTitle="ZIP%20file.xsd" importContext="" importTitle="" />
    <Mapping exportContext="/100%20Master/Building%20Blocks/Framework/Developer/Templates/DD4T%2ETemplates" exportTitle="Generate%20dynamic%20component%20presentation.xsd" importContext="" importTitle="" />
    <Mapping exportContext="/100%20Master/Building%20Blocks/Framework/Developer/Templates/DD4T%2ETemplates" exportTitle="Generate%20dynamic%20page.xsd" importContext="" importTitle="" />
    <Mapping exportContext="/100%20Master/Building%20Blocks/Framework/Developer/Templates/DD4T%2ETemplates" exportTitle="Publish%20binaries%20for%20component.xsd" importContext="" importTitle="" />
    <Mapping exportContext="/100%20Master/Building%20Blocks/Framework/Developer/Templates/Sdl%2EWeb%2ETridion%2ETemplates" exportTitle="Resolve%20Rich%20Text.xsd" importContext="" importTitle="" />
    <Mapping exportContext="/100%20Master/Building%20Blocks/Framework/Site%20Manager/Schemas" exportTitle="Bootstrap%20Configuration.xsd" importContext="" importTitle="" />
    <Mapping exportContext="/100%20Master/Building%20Blocks/Framework/Site%20Manager/Schemas" exportTitle="Favicon.xsd" importContext="" importTitle="" />
    <Mapping exportContext="/100%20Master/Building%20Blocks/Framework/Site%20Manager/Schemas" exportTitle="HTML%20Design%20Configuration.xsd" importContext="" importTitle="" />
    <Mapping exportContext="/100%20Master/Building%20Blocks/Framework/Site%20Manager/Schemas" exportTitle="Module%20Design%20Configuration.xsd" importContext="" importTitle="" />
    <Mapping exportContext="/100%20Master/Building%20Blocks/Framework/Site%20Manager/Schemas" exportTitle="Publication%20Metadata.xsd" importContext="" importTitle="" />
    <Mapping exportContext="/100%20Master/Building%20Blocks/Modules/Core/Editor/Schemas" exportTitle="Article.xsd" importContext="" importTitle="" />
    <Mapping exportContext="/100%20Master/Building%20Blocks/Modules/Core/Editor/Schemas/Embedded" exportTitle="Paragraph.xsd" importContext="" importTitle="" />
    <Mapping exportContext="/100%20Master/Building%20Blocks/Modules/Core/Editor/Schemas/Embedded" exportTitle="Standard%20Metadata.xsd" importContext="" importTitle="" />
    <Mapping exportContext="/100%20Master/Building%20Blocks/Modules/Core/Editor/Schemas" exportTitle="Image.xsd" importContext="" importTitle="" />
    <Mapping exportContext="/100%20Master/Building%20Blocks/Modules/Core/Editor/Schemas" exportTitle="News%20Article.xsd" importContext="" importTitle="" />
    <Mapping exportContext="/100%20Master/Building%20Blocks/Modules/Forms/Editor/Schemas" exportTitle="AudienceManagerPostAction.xsd" importContext="" importTitle="" />
    <Mapping exportContext="/100%20Master/Building%20Blocks/Modules/Forms/Editor/Schemas" exportTitle="EmailPostAction.xsd" importContext="" importTitle="" />
    <Mapping exportContext="/100%20Master/Building%20Blocks/Modules/Forms/Editor/Schemas/Embedded" exportTitle="Form%20Field.xsd" importContext="" importTitle="" />
    <Mapping exportContext="/100%20Master/Building%20Blocks/Modules/Forms/Editor/Schemas" exportTitle="Form.xsd" importContext="" importTitle="" />
    <Mapping exportContext="/100%20Master/Building%20Blocks/Modules/Forms/Editor/Schemas" exportTitle="SalesforcePostAction.xsd" importContext="" importTitle="" />
    <Mapping exportContext="/200%20Example%20Content/Building%20Blocks" exportTitle="Default%20Multimedia%20Schema.xsd" importContext="" importTitle="" />
    <Mapping exportContext="/200%20Example%20Content/Building%20Blocks/Modules/Core/Editor/Schemas" exportTitle="Article.xsd" importContext="" importTitle="" />
    <Mapping exportContext="/200%20Example%20Content/Building%20Blocks/Modules/Forms/Editor/Schemas" exportTitle="AudienceManagerPostAction.xsd" importContext="" importTitle="" />
    <Mapping exportContext="/200%20Example%20Content/Building%20Blocks/Modules/Forms/Editor/Schemas" exportTitle="EmailPostAction.xsd" importContext="" importTitle="" />
    <Mapping exportContext="/200%20Example%20Content/Building%20Blocks/Modules/Forms/Editor/Schemas" exportTitle="Form.xsd" importContext="" importTitle="" />
    <Mapping exportContext="/200%20Example%20Content/Building%20Blocks/Modules/Forms/Editor/Schemas" exportTitle="SalesforcePostAction.xsd" importContext="" importTitle="" />
    <Mapping exportContext="/400%20Example%20Site/Building%20Blocks" exportTitle="Default%20Multimedia%20Schema.xsd" importContext="" importTitle="" />
    <Mapping exportContext="/400%20Example%20Site/Building%20Blocks/Framework/Site%20Manager/Schemas" exportTitle="Publication%20Metadata.xsd" importContext="" importTitle="" />
    <Mapping exportContext="/400%20Example%20Site/Building%20Blocks/Modules/Forms/Editor/Schemas" exportTitle="AudienceManagerPostAction.xsd" importContext="" importTitle="" />
    <Mapping exportContext="/400%20Example%20Site/Building%20Blocks/Modules/Forms/Editor/Schemas" exportTitle="EmailPostAction.xsd" importContext="" importTitle="" />
    <Mapping exportContext="/400%20Example%20Site/Building%20Blocks/Modules/Forms/Editor/Schemas/Embedded" exportTitle="Form%20Field.xsd" importContext="" importTitle="" />
    <Mapping exportContext="/400%20Example%20Site/Building%20Blocks/Modules/Forms/Editor/Schemas" exportTitle="Form.xsd" importContext="" importTitle="" />
    <Mapping exportContext="/400%20Example%20Site/Building%20Blocks/Modules/Forms/Editor/Schemas" exportTitle="SalesforcePostAction.xsd" importContext="" importTitle="" />
  </ItemSet>
  <ItemSet role="Component">
    <Mapping exportContext="/100%20Master/Building%20Blocks/Modules/Forms/Admin" exportTitle="Forms.xml" importContext="" importTitle="" />
    <Mapping exportContext="/200%20Example%20Content/Building%20Blocks/Modules%20Content/Forms" exportTitle="Contact%20Us%20Form.xml" importContext="" importTitle="" />
    <Mapping exportContext="/200%20Example%20Content/Building%20Blocks/Modules%20Content/Forms/Post%20Actions" exportTitle="AudienceManagerPostAction.xml" importContext="" importTitle="" />
    <Mapping exportContext="/200%20Example%20Content/Building%20Blocks/Modules%20Content/Forms/Post%20Actions" exportTitle="EmailPostAction.xml" importContext="" importTitle="" />
    <Mapping exportContext="/200%20Example%20Content/Building%20Blocks/Modules%20Content/Forms/Post%20Actions" exportTitle="SalesforcePostAction.xml" importContext="" importTitle="" />
    <Mapping exportContext="/200%20Example%20Content/Building%20Blocks/Modules%20Content/Forms/Responses" exportTitle="Error.xml" importContext="" importTitle="" />
    <Mapping exportContext="/200%20Example%20Content/Building%20Blocks/Modules%20Content/Forms/Responses" exportTitle="Thank%20You.xml" importContext="" importTitle="" />
    <Mapping exportContext="/200%20Example%20Content/Building%20Blocks/Modules%20Content/Forms" exportTitle="Test%20Form.xml" importContext="" importTitle="" />
    <Mapping exportContext="/400%20Example%20Site/Building%20Blocks/Modules%20Content/Forms" exportTitle="Contact%20Us%20Form.xml" importContext="" importTitle="" />
    <Mapping exportContext="/400%20Example%20Site/Building%20Blocks/Modules%20Content/Forms/Post%20Actions" exportTitle="AudienceManagerPostAction.xml" importContext="" importTitle="" />
    <Mapping exportContext="/400%20Example%20Site/Building%20Blocks/Modules%20Content/Forms/Post%20Actions" exportTitle="EmailPostAction.xml" importContext="" importTitle="" />
    <Mapping exportContext="/400%20Example%20Site/Building%20Blocks/Modules%20Content/Forms/Post%20Actions" exportTitle="SalesforcePostAction.xml" importContext="" importTitle="" />
    <Mapping exportContext="/400%20Example%20Site/Building%20Blocks/Modules%20Content/Forms/Responses" exportTitle="Error.xml" importContext="" importTitle="" />
    <Mapping exportContext="/400%20Example%20Site/Building%20Blocks/Modules%20Content/Forms/Responses" exportTitle="Thank%20You.xml" importContext="" importTitle="" />
    <Mapping exportContext="/400%20Example%20Site/Building%20Blocks/Modules%20Content/Forms" exportTitle="Test%20Form.xml" importContext="" importTitle="" />
    <Mapping exportContext="/400%20Example%20Site/Building%20Blocks/Modules/Forms/Admin" exportTitle="Forms.xml" importContext="" importTitle="" />
  </ItemSet>
  <ItemSet role="ComponentTemplate">
    <Mapping exportContext="/000%20Empty/Building%20Blocks/Default%20Templates" exportTitle="Default%20Component%20Template.tctcmp" importContext="" importTitle="" />
    <Mapping exportContext="/100%20Master/Building%20Blocks/Default%20Templates" exportTitle="Default%20Component%20Template.tctcmp" importContext="" importTitle="" />
    <Mapping exportContext="/100%20Master/Building%20Blocks/Modules/Core/Editor/Templates" exportTitle="Article.tctcmp" importContext="" importTitle="" />
    <Mapping exportContext="/100%20Master/Building%20Blocks/Modules/Forms/Editor/Templates" exportTitle="Ajax%20Form.tctcmp" importContext="" importTitle="" />
    <Mapping exportContext="/100%20Master/Building%20Blocks/Modules/Forms/Editor/Templates" exportTitle="Form.tctcmp" importContext="" importTitle="" />
    <Mapping exportContext="/200%20Example%20Content/Building%20Blocks/Default%20Templates" exportTitle="Default%20Component%20Template.tctcmp" importContext="" importTitle="" />
    <Mapping exportContext="/400%20Example%20Site/Building%20Blocks/Default%20Templates" exportTitle="Default%20Component%20Template.tctcmp" importContext="" importTitle="" />
    <Mapping exportContext="/400%20Example%20Site/Building%20Blocks/Modules/Core/Editor/Templates" exportTitle="Article.tctcmp" importContext="" importTitle="" />
    <Mapping exportContext="/400%20Example%20Site/Building%20Blocks/Modules/Forms/Editor/Templates" exportTitle="Ajax%20Form.tctcmp" importContext="" importTitle="" />
    <Mapping exportContext="/400%20Example%20Site/Building%20Blocks/Modules/Forms/Editor/Templates" exportTitle="Form.tctcmp" importContext="" importTitle="" />
  </ItemSet>
  <ItemSet role="Page">
    <Mapping exportContext="/400%20Example%20Site/Home/Forms" exportTitle="_Error%20500.tpg" importContext="" importTitle="" />
    <Mapping exportContext="/400%20Example%20Site/Home/Forms" exportTitle="_Thank%20You.tpg" importContext="" importTitle="" />
    <Mapping exportContext="/400%20Example%20Site/Home/Forms" exportTitle="010%20Contact%20Us.tpg" importContext="" importTitle="" />
    <Mapping exportContext="/400%20Example%20Site/Home/Forms" exportTitle="020%20Form%20Test.tpg" importContext="" importTitle="" />
    <Mapping exportContext="/400%20Example%20Site/Home/Forms" exportTitle="030%20Ajax%20Form%20Test.tpg" importContext="" importTitle="" />
  </ItemSet>
  <ItemSet role="PageTemplate">
    <Mapping exportContext="/000%20Empty/Building%20Blocks/Default%20Templates" exportTitle="Default%20Page%20Template.tptcmp" importContext="" importTitle="" />
    <Mapping exportContext="/100%20Master/Building%20Blocks/Modules/Core/Editor/Templates" exportTitle="Content%20Page.tptcmp" importContext="" importTitle="" />
    <Mapping exportContext="/200%20Example%20Content/Building%20Blocks/Modules/Core/Editor/Templates" exportTitle="Content%20Page.tptcmp" importContext="" importTitle="" />
    <Mapping exportContext="/400%20Example%20Site/Building%20Blocks/Modules/Core/Editor/Templates" exportTitle="Content%20Page.tptcmp" importContext="" importTitle="" />
  </ItemSet>
  <ItemSet role="Category">
    <Mapping exportContext="/100%20Master" exportTitle="Form%20Field%20Purposes" importContext="" importTitle="" />
    <Mapping exportContext="/100%20Master" exportTitle="Form%20Field%20Types" importContext="" importTitle="" />
    <Mapping exportContext="/100%20Master" exportTitle="Test%20Category" importContext="" importTitle="" />
    <Mapping exportContext="/200%20Example%20Content" exportTitle="Form%20Field%20Purposes" importContext="" importTitle="" />
    <Mapping exportContext="/200%20Example%20Content" exportTitle="Form%20Field%20Types" importContext="" importTitle="" />
    <Mapping exportContext="/400%20Example%20Site" exportTitle="Form%20Field%20Purposes" importContext="" importTitle="" />
    <Mapping exportContext="/400%20Example%20Site" exportTitle="Form%20Field%20Types" importContext="" importTitle="" />
    <Mapping exportContext="/400%20Example%20Site" exportTitle="Test%20Category" importContext="" importTitle="" />
  </ItemSet>
  <ItemSet role="Keyword">
    <Mapping exportContext="/100%20Master/Form%20Field%20Purposes" exportTitle="Address.tkw" importContext="" importTitle="" />
    <Mapping exportContext="/100%20Master/Form%20Field%20Purposes" exportTitle="Age.tkw" importContext="" importTitle="" />
    <Mapping exportContext="/100%20Master/Form%20Field%20Purposes" exportTitle="BirthDate.tkw" importContext="" importTitle="" />
    <Mapping exportContext="/100%20Master/Form%20Field%20Purposes" exportTitle="City.tkw" importContext="" importTitle="" />
    <Mapping exportContext="/100%20Master/Form%20Field%20Purposes" exportTitle="Company.tkw" importContext="" importTitle="" />
    <Mapping exportContext="/100%20Master/Form%20Field%20Purposes" exportTitle="Email.tkw" importContext="" importTitle="" />
    <Mapping exportContext="/100%20Master/Form%20Field%20Purposes" exportTitle="FirstName.tkw" importContext="" importTitle="" />
    <Mapping exportContext="/100%20Master/Form%20Field%20Purposes" exportTitle="LastName.tkw" importContext="" importTitle="" />
    <Mapping exportContext="/100%20Master/Form%20Field%20Purposes" exportTitle="Password.tkw" importContext="" importTitle="" />
    <Mapping exportContext="/100%20Master/Form%20Field%20Purposes" exportTitle="PhoneNumber.tkw" importContext="" importTitle="" />
    <Mapping exportContext="/100%20Master/Form%20Field%20Purposes" exportTitle="Prefix.tkw" importContext="" importTitle="" />
    <Mapping exportContext="/100%20Master/Form%20Field%20Purposes" exportTitle="Salutation.tkw" importContext="" importTitle="" />
    <Mapping exportContext="/100%20Master/Form%20Field%20Purposes" exportTitle="State.tkw" importContext="" importTitle="" />
    <Mapping exportContext="/100%20Master/Form%20Field%20Purposes" exportTitle="WorkingYears.tkw" importContext="" importTitle="" />
    <Mapping exportContext="/100%20Master/Form%20Field%20Purposes" exportTitle="Zip.tkw" importContext="" importTitle="" />
    <Mapping exportContext="/100%20Master/Form%20Field%20Types" exportTitle="CheckBox.tkw" importContext="" importTitle="" />
    <Mapping exportContext="/100%20Master/Form%20Field%20Types" exportTitle="Date.tkw" importContext="" importTitle="" />
    <Mapping exportContext="/100%20Master/Form%20Field%20Types" exportTitle="DropDown.tkw" importContext="" importTitle="" />
    <Mapping exportContext="/100%20Master/Form%20Field%20Types" exportTitle="Hidden.tkw" importContext="" importTitle="" />
    <Mapping exportContext="/100%20Master/Form%20Field%20Types" exportTitle="RadioButton.tkw" importContext="" importTitle="" />
    <Mapping exportContext="/100%20Master/Form%20Field%20Types" exportTitle="Text.tkw" importContext="" importTitle="" />
    <Mapping exportContext="/100%20Master/Form%20Field%20Types" exportTitle="TextArea.tkw" importContext="" importTitle="" />
    <Mapping exportContext="/100%20Master/Test%20Category" exportTitle="Option%201.tkw" importContext="" importTitle="" />
    <Mapping exportContext="/100%20Master/Test%20Category" exportTitle="Option%202.tkw" importContext="" importTitle="" />
    <Mapping exportContext="/100%20Master/Test%20Category" exportTitle="Option%203.tkw" importContext="" importTitle="" />
    <Mapping exportContext="/100%20Master/Test%20Category" exportTitle="Option%204.tkw" importContext="" importTitle="" />
    <Mapping exportContext="/100%20Master/Test%20Category" exportTitle="Option%205.tkw" importContext="" importTitle="" />
    <Mapping exportContext="/200%20Example%20Content/Form%20Field%20Purposes" exportTitle="Company.tkw" importContext="" importTitle="" />
    <Mapping exportContext="/200%20Example%20Content/Form%20Field%20Purposes" exportTitle="Email.tkw" importContext="" importTitle="" />
    <Mapping exportContext="/200%20Example%20Content/Form%20Field%20Purposes" exportTitle="FirstName.tkw" importContext="" importTitle="" />
    <Mapping exportContext="/200%20Example%20Content/Form%20Field%20Purposes" exportTitle="LastName.tkw" importContext="" importTitle="" />
    <Mapping exportContext="/200%20Example%20Content/Form%20Field%20Purposes" exportTitle="PhoneNumber.tkw" importContext="" importTitle="" />
    <Mapping exportContext="/200%20Example%20Content/Form%20Field%20Types" exportTitle="CheckBox.tkw" importContext="" importTitle="" />
    <Mapping exportContext="/200%20Example%20Content/Form%20Field%20Types" exportTitle="Date.tkw" importContext="" importTitle="" />
    <Mapping exportContext="/200%20Example%20Content/Form%20Field%20Types" exportTitle="DropDown.tkw" importContext="" importTitle="" />
    <Mapping exportContext="/200%20Example%20Content/Form%20Field%20Types" exportTitle="Hidden.tkw" importContext="" importTitle="" />
    <Mapping exportContext="/200%20Example%20Content/Form%20Field%20Types" exportTitle="RadioButton.tkw" importContext="" importTitle="" />
    <Mapping exportContext="/200%20Example%20Content/Form%20Field%20Types" exportTitle="Text.tkw" importContext="" importTitle="" />
    <Mapping exportContext="/200%20Example%20Content/Form%20Field%20Types" exportTitle="TextArea.tkw" importContext="" importTitle="" />
    <Mapping exportContext="/400%20Example%20Site/Form%20Field%20Purposes" exportTitle="Address.tkw" importContext="" importTitle="" />
    <Mapping exportContext="/400%20Example%20Site/Form%20Field%20Purposes" exportTitle="Age.tkw" importContext="" importTitle="" />
    <Mapping exportContext="/400%20Example%20Site/Form%20Field%20Purposes" exportTitle="BirthDate.tkw" importContext="" importTitle="" />
    <Mapping exportContext="/400%20Example%20Site/Form%20Field%20Purposes" exportTitle="City.tkw" importContext="" importTitle="" />
    <Mapping exportContext="/400%20Example%20Site/Form%20Field%20Purposes" exportTitle="Company.tkw" importContext="" importTitle="" />
    <Mapping exportContext="/400%20Example%20Site/Form%20Field%20Purposes" exportTitle="Email.tkw" importContext="" importTitle="" />
    <Mapping exportContext="/400%20Example%20Site/Form%20Field%20Purposes" exportTitle="FirstName.tkw" importContext="" importTitle="" />
    <Mapping exportContext="/400%20Example%20Site/Form%20Field%20Purposes" exportTitle="LastName.tkw" importContext="" importTitle="" />
    <Mapping exportContext="/400%20Example%20Site/Form%20Field%20Purposes" exportTitle="Password.tkw" importContext="" importTitle="" />
    <Mapping exportContext="/400%20Example%20Site/Form%20Field%20Purposes" exportTitle="PhoneNumber.tkw" importContext="" importTitle="" />
    <Mapping exportContext="/400%20Example%20Site/Form%20Field%20Purposes" exportTitle="Prefix.tkw" importContext="" importTitle="" />
    <Mapping exportContext="/400%20Example%20Site/Form%20Field%20Purposes" exportTitle="Salutation.tkw" importContext="" importTitle="" />
    <Mapping exportContext="/400%20Example%20Site/Form%20Field%20Purposes" exportTitle="State.tkw" importContext="" importTitle="" />
    <Mapping exportContext="/400%20Example%20Site/Form%20Field%20Purposes" exportTitle="WorkingYears.tkw" importContext="" importTitle="" />
    <Mapping exportContext="/400%20Example%20Site/Form%20Field%20Purposes" exportTitle="Zip.tkw" importContext="" importTitle="" />
    <Mapping exportContext="/400%20Example%20Site/Form%20Field%20Types" exportTitle="CheckBox.tkw" importContext="" importTitle="" />
    <Mapping exportContext="/400%20Example%20Site/Form%20Field%20Types" exportTitle="Date.tkw" importContext="" importTitle="" />
    <Mapping exportContext="/400%20Example%20Site/Form%20Field%20Types" exportTitle="DropDown.tkw" importContext="" importTitle="" />
    <Mapping exportContext="/400%20Example%20Site/Form%20Field%20Types" exportTitle="Hidden.tkw" importContext="" importTitle="" />
    <Mapping exportContext="/400%20Example%20Site/Form%20Field%20Types" exportTitle="RadioButton.tkw" importContext="" importTitle="" />
    <Mapping exportContext="/400%20Example%20Site/Form%20Field%20Types" exportTitle="Text.tkw" importContext="" importTitle="" />
    <Mapping exportContext="/400%20Example%20Site/Form%20Field%20Types" exportTitle="TextArea.tkw" importContext="" importTitle="" />
    <Mapping exportContext="/400%20Example%20Site/Test%20Category" exportTitle="Option%201.tkw" importContext="" importTitle="" />
    <Mapping exportContext="/400%20Example%20Site/Test%20Category" exportTitle="Option%202.tkw" importContext="" importTitle="" />
    <Mapping exportContext="/400%20Example%20Site/Test%20Category" exportTitle="Option%203.tkw" importContext="" importTitle="" />
    <Mapping exportContext="/400%20Example%20Site/Test%20Category" exportTitle="Option%204.tkw" importContext="" importTitle="" />
    <Mapping exportContext="/400%20Example%20Site/Test%20Category" exportTitle="Option%205.tkw" importContext="" importTitle="" />
  </ItemSet>
  <ItemSet role="TemplateBuildingBlock">
    <Mapping exportContext="/000%20Empty/Building%20Blocks/Default%20Templates" exportTitle="Default%20Dreamweaver%20Page%20Design.dwt" importContext="" importTitle="" />
    <Mapping exportContext="/100%20Master/Building%20Blocks/Default%20Templates" exportTitle="Default%20Dreamweaver%20Page%20Design.dwt" importContext="" importTitle="" />
    <Mapping exportContext="/100%20Master/Building%20Blocks/Framework/Developer/Templates/DD4T%2ETemplates" exportTitle="DD4T%2ETemplates%2EMerged.tbbasm" importContext="" importTitle="" />
    <Mapping exportContext="/100%20Master/Building%20Blocks/Framework/Developer/Templates/DD4T%2ETemplates" exportTitle="Generate%20dynamic%20component%20presentation.tbbcs" importContext="" importTitle="" />
    <Mapping exportContext="/100%20Master/Building%20Blocks/Framework/Developer/Templates/DD4T%2ETemplates" exportTitle="Publish%20binaries%20for%20component.tbbcs" importContext="" importTitle="" />
    <Mapping exportContext="/100%20Master/Building%20Blocks/Framework/Developer/Templates/Sdl%2EWeb%2ETridion%2ETemplates" exportTitle="Default%20Component%20Template%20Finish%20Actions.tbbcmp" importContext="" importTitle="" />
    <Mapping exportContext="/100%20Master/Building%20Blocks/Framework/Developer/Templates/Sdl%2EWeb%2ETridion%2ETemplates" exportTitle="Render%20Component%20Content.tbbcmp" importContext="" importTitle="" />
    <Mapping exportContext="/100%20Master/Building%20Blocks/Framework/Developer/Templates/Sdl%2EWeb%2ETridion%2ETemplates" exportTitle="Resolve%20Rich%20Text.tbbcs" importContext="" importTitle="" />
    <Mapping exportContext="/100%20Master/Building%20Blocks/Framework/Developer/Templates/Sdl%2EWeb%2ETridion%2ETemplates" exportTitle="Sdl%2EWeb%2ETridion%2ETemplates%2Emerged.tbbasm" importContext="" importTitle="" />
    <Mapping exportContext="/200%20Example%20Content/Building%20Blocks/Default%20Templates" exportTitle="Default%20Dreamweaver%20Page%20Design.dwt" importContext="" importTitle="" />
    <Mapping exportContext="/400%20Example%20Site/Building%20Blocks/Default%20Templates" exportTitle="Default%20Dreamweaver%20Page%20Design.dwt" importContext="" importTitle="" />
  </ItemSet>
  <ItemSet role="BusinessProcessType">
    <Mapping exportContext="/100%20Master" exportTitle="DXA%20Staging%2FLive" importContext="" importTitle="" />
    <Mapping exportContext="/400%20Example%20Site" exportTitle="DXA%20Staging%2FLive" importContext="" importTitle="" />
  </ItemSet>
  <ItemSet role="MultimediaType">
    <Mapping exportTitle="Favicon.tmt" importTitle="" />
    <Mapping exportTitle="Gif%20image.tmt" importTitle="" />
    <Mapping exportTitle="Jpeg%20image.tmt" importTitle="" />
    <Mapping exportTitle="Png%20image.tmt" importTitle="" />
    <Mapping exportTitle="Zip%20file.tmt" importTitle="" />
  </ItemSet>
  <ItemSet role="Group">
    <Mapping exportTitle="Developer.tgp" importTitle="" />
    <Mapping exportTitle="Editor.tgp" importTitle="" />
    <Mapping exportTitle="Everyone.tgp" importTitle="" />
    <Mapping exportTitle="Site%20Manager.tgp" importTitle="" />
  </ItemSet>
  <ItemSet role="ProcessDefinition">
    <Mapping exportContext="/000%20Empty" exportTitle="Task%20Process.tpd" importContext="" importTitle="" />
    <Mapping exportContext="/100%20Master" exportTitle="Task%20Process.tpd" importContext="" importTitle="" />
    <Mapping exportContext="/200%20Example%20Content" exportTitle="Task%20Process.tpd" importContext="" importTitle="" />
    <Mapping exportContext="/400%20Example%20Site" exportTitle="Task%20Process.tpd" importContext="" importTitle="" />
  </ItemSet>
</Mappings>