<PackageItem xmlns:tcm="http://www.tridion.com/ContentManager/5.0" xmlns:xlink="http://www.w3.org/1999/xlink" xmlns="http://www.sdltridion.com/ContentManager/ImportExport/Package/2013">
  <Data>
    <tcm:Data>
      <tcm:Title>_Thank You</tcm:Title>
      <tcm:FileName>thank-you</tcm:FileName>
      <tcm:PageTemplate IsInherited="true" xlink:type="simple" xlink:title="Content Page" xlink:href="/webdav/400%20Example%20Site/Building%20Blocks/Modules/Core/Editor/Templates/Content%20Page.tptcmp" />
      <tcm:ComponentPresentations>
        <tcm:ComponentPresentation>
          <tcm:Component xlink:type="simple" xlink:title="Thank You" xlink:href="/webdav/400%20Example%20Site/Building%20Blocks/Modules%20Content/Forms/Responses/Thank%20You.xml" />
          <tcm:ComponentTemplate xlink:type="simple" xlink:title="Article" xlink:href="/webdav/400%20Example%20Site/Building%20Blocks/Modules/Core/Editor/Templates/Article.tctcmp" />
          <tcm:Conditions />
        </tcm:ComponentPresentation>
      </tcm:ComponentPresentations>
      <tcm:MetadataSchema xlink:type="simple" xlink:title="" xlink:href="tcm:0-0-0" />
      <tcm:Metadata />
      <tcm:RegionSchema xlink:type="simple" xlink:title="" xlink:href="tcm:0-0-0" />
      <tcm:Regions />
    </tcm:Data>
  </Data>
  <Dependencies>
    <Dependency dependencyType="Publication" itemUrl="/webdav/400%20Example%20Site" linkName="LocationInfo/ContextRepository" />
    <Dependency dependencyType="OrganizationalItemStructureGroup" itemUrl="/webdav/400%20Example%20Site/Home/Forms" linkName="LocationInfo/OrganizationalItem" />
    <Dependency dependencyType="ComponentPresentationComponent" itemUrl="/webdav/400%20Example%20Site/Building%20Blocks/Modules%20Content/Forms/Responses/Thank%20You.xml" linkName="ComponentPresentations[0]/Component" />
    <Dependency dependencyType="ComponentPresentationComponentTemplate" itemUrl="/webdav/400%20Example%20Site/Building%20Blocks/Modules/Core/Editor/Templates/Article.tctcmp" linkName="ComponentPresentations[0]/ComponentTemplate" />
  </Dependencies>
</PackageItem>