<PackageItem xmlns:tcm="http://www.tridion.com/ContentManager/5.0" xmlns:xlink="http://www.w3.org/1999/xlink" xmlns="http://www.sdltridion.com/ContentManager/ImportExport/Package/2013">
  <Data>
    <tcm:Data>
      <tcm:Title>400 Example Site</tcm:Title>
      <tcm:PublicationPath>\</tcm:PublicationPath>
      <tcm:PublicationURL>/</tcm:PublicationURL>
      <tcm:MultimediaPath>\media</tcm:MultimediaPath>
      <tcm:MultimediaURL>/media/</tcm:MultimediaURL>
      <tcm:DefaultPageTemplate xlink:type="simple" xlink:title="Content Page" xlink:href="/webdav/400%20Example%20Site/Building%20Blocks/Modules/Core/Editor/Templates/Content%20Page.tptcmp" />
      <tcm:DefaultComponentTemplate xlink:type="simple" xlink:title="Default Component Template" xlink:href="/webdav/400%20Example%20Site/Building%20Blocks/Default%20Templates/Default%20Component%20Template.tctcmp" />
      <tcm:DefaultTemplateBuildingBlock xlink:type="simple" xlink:title="Default Dreamweaver Page Design" xlink:href="/webdav/400%20Example%20Site/Building%20Blocks/Default%20Templates/Default%20Dreamweaver%20Page%20Design.dwt" />
      <tcm:DefaultMultimediaSchema xlink:type="simple" xlink:title="Default Multimedia Schema" xlink:href="/webdav/400%20Example%20Site/Building%20Blocks/Default%20Multimedia%20Schema.xsd" />
      <tcm:ParentPublications>
        <tcm:ParentPublication xlink:type="simple" xlink:title="200 Example Content" xlink:href="/webdav/200%20Example%20Content" />
        <tcm:ParentPublication xlink:type="simple" xlink:title="110 DXA Site Type" xlink:href="/webdav/110%20DXA%20Site%20Type" />
      </tcm:ParentPublications>
      <tcm:PageTemplateProcess xlink:type="simple" xlink:title="" xlink:href="tcm:0-0-0" />
      <tcm:ComponentTemplateProcess xlink:type="simple" xlink:title="" xlink:href="tcm:0-0-0" />
      <tcm:TaskProcess xlink:type="simple" xlink:title="Task Process" xlink:href="tcm:5-1-131074" />
      <tcm:TemplateBundleProcess xlink:type="simple" xlink:title="" xlink:href="tcm:0-0-0" />
      <tcm:ComponentSnapshotTemplate xlink:type="simple" xlink:title="Default Component Template" xlink:href="/webdav/400%20Example%20Site/Building%20Blocks/Default%20Templates/Default%20Component%20Template.tctcmp" />
      <tcm:PageSnapshotTemplate xlink:type="simple" xlink:title="" xlink:href="tcm:0-0-0" />
      <tcm:ShareProcessAssociations>true</tcm:ShareProcessAssociations>
      <tcm:MetadataSchema xlink:type="simple" xlink:title="Publication Metadata" xlink:href="/webdav/400%20Example%20Site/Building%20Blocks/Framework/Site%20Manager/Schemas/Publication%20Metadata.xsd" />
      <tcm:Metadata>
        <Metadata xmlns="uuid:6f4e35f8-3149-43f6-b90a-99d960939865">
        <siteId>DXA</siteId>
        <isMaster>Yes</isMaster>
      </Metadata>
      </tcm:Metadata>
      <tcm:CategoriesXSD>
        <xsd:schema xmlns:xlink="http://www.w3.org/1999/xlink" xmlns:category="tcm:0-5-1/Categories.xsd" xmlns:xsd="http://www.w3.org/2001/XMLSchema" targetNamespace="tcm:0-5-1/Categories.xsd">
          <xsd:import namespace="http://www.w3.org/1999/xlink" schemaLocation="/webdav/cm_lnk.xsd" />
          <xsd:attribute name="CategoryURI" type="xsd:anyURI" />
          <xsd:complexType name="ContentType">
            <xsd:annotation>
              <xsd:documentation>Content Type</xsd:documentation>
            </xsd:annotation>
            <xsd:simpleContent>
              <xsd:extension base="xsd:normalizedString">
                <xsd:attribute ref="category:CategoryURI" use="optional" fixed="tcm:5-15-512" />
                <xsd:attribute ref="xlink:type" use="optional" fixed="simple" />
                <xsd:attribute ref="xlink:href" use="optional" />
                <xsd:attribute ref="xlink:title" use="optional" />
              </xsd:extension>
            </xsd:simpleContent>
          </xsd:complexType>
          <xsd:simpleType name="_formTypes">
            <xsd:restriction base="xsd:string" />
          </xsd:simpleType>
          <xsd:complexType name="formTypes">
            <xsd:annotation>
              <xsd:documentation>DELETE Form Types</xsd:documentation>
            </xsd:annotation>
            <xsd:simpleContent>
              <xsd:extension base="category:_formTypes">
                <xsd:attribute ref="category:CategoryURI" use="optional" fixed="tcm:5-1087-512" />
                <xsd:attribute ref="xlink:type" use="optional" fixed="simple" />
                <xsd:attribute ref="xlink:href" use="optional" />
                <xsd:attribute ref="xlink:title" use="optional" />
              </xsd:extension>
            </xsd:simpleContent>
          </xsd:complexType>
          <xsd:complexType name="formFieldPurposes">
            <xsd:annotation>
              <xsd:documentation>Form Field Purposes</xsd:documentation>
            </xsd:annotation>
            <xsd:simpleContent>
              <xsd:extension base="xsd:normalizedString">
                <xsd:attribute ref="category:CategoryURI" use="optional" fixed="tcm:5-3085-512" />
                <xsd:attribute ref="xlink:type" use="optional" fixed="simple" />
                <xsd:attribute ref="xlink:href" use="optional" />
                <xsd:attribute ref="xlink:title" use="optional" />
              </xsd:extension>
            </xsd:simpleContent>
          </xsd:complexType>
          <xsd:complexType name="formFieldTypes">
            <xsd:annotation>
              <xsd:documentation>Form Field Types</xsd:documentation>
            </xsd:annotation>
            <xsd:simpleContent>
              <xsd:extension base="xsd:normalizedString">
                <xsd:attribute ref="category:CategoryURI" use="optional" fixed="tcm:5-1088-512" />
                <xsd:attribute ref="xlink:type" use="optional" fixed="simple" />
                <xsd:attribute ref="xlink:href" use="optional" />
                <xsd:attribute ref="xlink:title" use="optional" />
              </xsd:extension>
            </xsd:simpleContent>
          </xsd:complexType>
          <xsd:complexType name="ListSortType">
            <xsd:annotation>
              <xsd:documentation>List Sort Type</xsd:documentation>
            </xsd:annotation>
            <xsd:simpleContent>
              <xsd:extension base="xsd:normalizedString">
                <xsd:attribute ref="category:CategoryURI" use="optional" fixed="tcm:5-16-512" />
                <xsd:attribute ref="xlink:type" use="optional" fixed="simple" />
                <xsd:attribute ref="xlink:href" use="optional" />
                <xsd:attribute ref="xlink:title" use="optional" />
              </xsd:extension>
            </xsd:simpleContent>
          </xsd:complexType>
          <xsd:complexType name="NavigationType">
            <xsd:annotation>
              <xsd:documentation>Navigation Type</xsd:documentation>
            </xsd:annotation>
            <xsd:simpleContent>
              <xsd:extension base="xsd:normalizedString">
                <xsd:attribute ref="category:CategoryURI" use="optional" fixed="tcm:5-35-512" />
                <xsd:attribute ref="xlink:type" use="optional" fixed="simple" />
                <xsd:attribute ref="xlink:href" use="optional" />
                <xsd:attribute ref="xlink:title" use="optional" />
              </xsd:extension>
            </xsd:simpleContent>
          </xsd:complexType>
          <xsd:complexType name="sitemap">
            <xsd:annotation>
              <xsd:documentation>Sitemap [Navigation]</xsd:documentation>
            </xsd:annotation>
            <xsd:simpleContent>
              <xsd:extension base="xsd:normalizedString">
                <xsd:attribute ref="category:CategoryURI" use="optional" fixed="tcm:5-45-512" />
                <xsd:attribute ref="xlink:type" use="optional" fixed="simple" />
                <xsd:attribute ref="xlink:href" use="optional" />
                <xsd:attribute ref="xlink:title" use="optional" />
              </xsd:extension>
            </xsd:simpleContent>
          </xsd:complexType>
          <xsd:complexType name="SocialNetworks">
            <xsd:annotation>
              <xsd:documentation>Social Networks</xsd:documentation>
            </xsd:annotation>
            <xsd:simpleContent>
              <xsd:extension base="xsd:normalizedString">
                <xsd:attribute ref="category:CategoryURI" use="optional" fixed="tcm:5-31-512" />
                <xsd:attribute ref="xlink:type" use="optional" fixed="simple" />
                <xsd:attribute ref="xlink:href" use="optional" />
                <xsd:attribute ref="xlink:title" use="optional" />
              </xsd:extension>
            </xsd:simpleContent>
          </xsd:complexType>
          <xsd:complexType name="testCategory">
            <xsd:annotation>
              <xsd:documentation>Test Category</xsd:documentation>
            </xsd:annotation>
            <xsd:simpleContent>
              <xsd:extension base="xsd:normalizedString">
                <xsd:attribute ref="category:CategoryURI" use="optional" fixed="tcm:5-3084-512" />
                <xsd:attribute ref="xlink:type" use="optional" fixed="simple" />
                <xsd:attribute ref="xlink:href" use="optional" />
                <xsd:attribute ref="xlink:title" use="optional" />
              </xsd:extension>
            </xsd:simpleContent>
          </xsd:complexType>
        </xsd:schema>
      </tcm:CategoriesXSD>
      <tcm:PublicationType>SiteType</tcm:PublicationType>
      <tcm:Key>DxaExampleSite</tcm:Key>
      <tcm:BusinessProcessType xlink:type="simple" xlink:title="DXA Staging/Live" xlink:href="/webdav/400%20Example%20Site/DXA%20Staging%2FLive" />
      <tcm:MinimalLocalizeApprovalStatus xlink:type="simple" xlink:title="Undefined" xlink:href="tcm:0-0-0" />
    </tcm:Data>
  </Data>
  <Dependencies>
    <Dependency dependencyType="ComponentSnapshotTemplate" itemUrl="/webdav/400%20Example%20Site/Building%20Blocks/Default%20Templates/Default%20Component%20Template.tctcmp" linkName="ComponentSnapshotTemplate" />
    <Dependency dependencyType="DefaultComponentTemplate" itemUrl="/webdav/400%20Example%20Site/Building%20Blocks/Default%20Templates/Default%20Component%20Template.tctcmp" linkName="DefaultComponentTemplate" />
    <Dependency dependencyType="DefaultMultimediaSchema" itemUrl="/webdav/400%20Example%20Site/Building%20Blocks/Default%20Multimedia%20Schema.xsd" linkName="DefaultMultimediaSchema" />
    <Dependency dependencyType="DefaultPageTemplate" itemUrl="/webdav/400%20Example%20Site/Building%20Blocks/Modules/Core/Editor/Templates/Content%20Page.tptcmp" linkName="DefaultPageTemplate" />
    <Dependency dependencyType="DefaultTemplateBuildingBlock" itemUrl="/webdav/400%20Example%20Site/Building%20Blocks/Default%20Templates/Default%20Dreamweaver%20Page%20Design.dwt" linkName="DefaultTemplateBuildingBlock" />
    <Dependency dependencyType="MetadataSchema" itemUrl="/webdav/400%20Example%20Site/Building%20Blocks/Framework/Site%20Manager/Schemas/Publication%20Metadata.xsd" linkName="MetadataSchema" />
    <Dependency dependencyType="ParentPublication" itemUrl="/webdav/200%20Example%20Content" linkName="Parents[0]" />
    <Dependency dependencyType="ParentPublication" itemUrl="/webdav/110%20DXA%20Site%20Type" linkName="Parents[1]" />
    <Dependency dependencyType="TaskProcess" itemUrl="/webdav/400%20Example%20Site//Task%20Process.tpd" linkName="TaskProcess" />
    <Dependency dependencyType="RepositoryBusinessProcessType" itemUrl="/webdav/400%20Example%20Site/DXA%20Staging%2FLive" linkName="BusinessProcessType" />
  </Dependencies>
</PackageItem>